id	possess
BS01-001	1
BS01-002	1
BS01-004	1
BS01-011	1
BS01-017	1
BS01-025	2
BS01-036	1
BS01-057	1
BS01-059	2
BS01-062	1
BS01-063	1
BS01-100	1
BS01-104	1
BS01-110	1
BS01-117	2
BS01-123	1
BS01-125	4
BS01-135	1
BS01-138	4
BS01-144	2
BS01-X01	4
BS01-X03	1
BS02-001	1
BS02-005	1
BS02-006	1
BS02-007	1
BS02-010	1
BS02-024	1
BS02-026	1
BS02-028	1
BS02-029	1
BS02-051	1
BS02-052	1
BS02-054	1
BS02-055	1
BS02-058	5
BS02-060	1
BS02-068	1
BS02-069	1
BS02-072	1
BS02-080	1
BS02-084	2
BS02-092	2
BS02-093	1
BS02-095	1
BS02-108	4
BS02-X08	2
BS03-005	1
BS03-008	1
BS03-011	4
BS03-021	1
BS03-032	1
BS03-034	1
BS03-038	1
BS03-040	1
BS03-041	1
BS03-050	1
BS03-058	1
BS03-060	1
BS03-061	1
BS03-071	2
BS03-072	3
BS03-073	1
BS03-078	1
BS03-080	1
BS03-091	1
BS03-098	1
BS03-113	3
BS03-119	2
BS03-120	1
BS03-125	1
BS03-127	1
BS03-129	1
BS03-138	1
BS03-140	1
BS03-149	1
BS03-X11	1
BS04-006	1
BS04-013	1
BS04-015	1
BS04-024	1
BS04-026	1
BS04-030	1
BS04-034	1
BS04-047	3
BS04-048	3
BS04-063	3
BS04-064	1
BS04-065	1
BS04-072	1
BS04-077	2
BS04-082	6
BS04-094	1
BS04-098	5
BS04-100	1
BS04-111	1
BS04-X13	1
BS04-X16	4
BS05-001	2
BS05-002	1
BS05-006	1
BS05-014	1
BS05-037	3
BS05-040	1
BS05-042	1
BS05-044	1
BS05-045	1
BS05-059	1
BS05-064	2
BS05-074	1
BS05-080	2
BS05-084	1
BS05-X17	1
BS05-X18	1
BS06-003	1
BS06-006	1
BS06-007	1
BS06-008	1
BS06-013	3
BS06-016	1
BS06-021	1
BS06-023	1
BS06-038	1
BS06-042	1
BS06-049	3
BS06-054	2
BS06-060	3
BS06-066	3
BS06-068	1
BS06-072	1
BS06-073	4
BS06-075	1
BS06-076	2
BS06-077	1
BS06-081	1
BS06-084	1
BS06-087	7
BS06-089	1
BS06-092	3
BS06-096	2
BS06-X21	1
BS06-X24	1
BS07-001	3
BS07-004	2
BS07-010	1
BS07-013	1
BS07-020	1
BS07-022	1
BS07-023	1
BS07-025	1
BS07-034	1
BS07-040	1
BS07-042	1
BS07-048	1
BS07-059	1
BS07-060	2
BS07-076	1
BS08-001	1
BS08-003	1
BS08-005	3
BS08-011	1
BS08-012	1
BS08-013	1
BS08-023	1
BS08-026	1
BS08-032	1
BS08-035	1
BS08-037	1
BS08-041	1
BS08-042	2
BS08-044	1
BS08-048	2
BS08-049	1
BS08-054	1
BS08-056	2
BS08-061	3
BS08-066	1
BS08-067	1
BS08-068	1
BS08-077	2
BS08-078	1
BS08-X33	1
BS09-002	1
BS09-013	1
BS09-015	2
BS09-023	1
BS09-030	1
BS09-032	1
BS09-039	1
BS09-046	1
BS09-050	1
BS09-051	1
BS09-057	1
BS09-063	2
BS09-065	1
BS09-067	3
BS09-068	1
BS09-073	2
BS09-083	1
BS09-084	1
BS09-X35	1
BS09-X36	1
BS09-X39	1
BS10-001	4
BS10-006	1
BS10-009	3
BS10-015	1
BS10-016	3
BS10-017	2
BS10-023	1
BS10-024	1
BS10-028	1
BS10-029	1
BS10-033	1
BS10-037	1
BS10-039	1
BS10-042	1
BS10-044	2
BS10-045	1
BS10-047	1
BS10-048	3
BS10-052	1
BS10-054	1
BS10-055	2
BS10-057	2
BS10-058	1
BS10-061	1
BS10-062	4
BS10-064	4
BS10-066	2
BS10-068	2
BS10-070	2
BS10-073	1
BS10-074	2
BS10-075	2
BS10-079	2
BS10-082	1
BS10-084	3
BS10-086	1
BS10-087	3
BS10-088	2
BS10-094	1
BS10-095	1
BS10-096	1
BS10-097	1
BS10-098	9
BS10-104	1
BS10-105	3
BS10-110	2
BS10-112	1
BS10-114	1
BS10-X02	3
BS10-X03	3
BS10-X04	1
BS10-X06	3
BS11-001	3
BS11-003	2
BS11-006	6
BS11-009	1
BS11-011	2
BS11-012	1
BS11-014	2
BS11-017	1
BS11-019	10
BS11-020	1
BS11-021	5
BS11-028	1
BS11-031	1
BS11-033	4
BS11-034	1
BS11-036	4
BS11-037	1
BS11-038	2
BS11-039	3
BS11-042	1
BS11-045	1
BS11-046	1
BS11-050	1
BS11-051	2
BS11-054	3
BS11-055	1
BS11-057	2
BS11-059	1
BS11-060	1
BS11-062	4
BS11-065	1
BS11-069	6
BS11-071	3
BS11-073	1
BS11-075	4
BS11-077	1
BS11-078	3
BS11-079	3
BS11-080	1
BS11-081	2
BS11-084	2
BS11-X01	1
BS11-X03	1
BS11-X04	3
BS11-X05	3
BS11-X06	3
BS12-009	3
BS12-011	1
BS12-013	1
BS12-016	1
BS12-018	4
BS12-019	1
BS12-020	1
BS12-022	2
BS12-023	1
BS12-026	1
BS12-028	1
BS12-030	1
BS12-033	4
BS12-034	2
BS12-035	2
BS12-037	3
BS12-038	2
BS12-039	1
BS12-043	2
BS12-044	2
BS12-045	1
BS12-047	1
BS12-051	2
BS12-052	1
BS12-053	5
BS12-056	3
BS12-059	2
BS12-062	1
BS12-063	9
BS12-064	2
BS12-065	1
BS12-067	2
BS12-069	1
BS12-072	1
BS12-073	2
BS12-074	6
BS12-077	1
BS12-078	3
BS12-079	2
BS12-081	3
BS12-084	1
BS12-X01	3
BS12-X02	3
BS12-X05	3
BS13-002	1
BS13-003	2
BS13-006	1
BS13-007	1
BS13-008	2
BS13-011	1
BS13-012	1
BS13-017	2
BS13-019	3
BS13-020	1
BS13-022	4
BS13-026	1
BS13-027	1
BS13-029	2
BS13-034	9
BS13-035	1
BS13-036	1
BS13-037	3
BS13-043	2
BS13-049	2
BS13-050	4
BS13-051	1
BS13-053	1
BS13-058	1
BS13-060	3
BS13-061	1
BS13-062	4
BS13-063	1
BS13-069	1
BS13-070	1
BS13-073	3
BS13-074	3
BS13-075	1
BS13-076	3
BS13-077	3
BS13-078	2
BS13-080	1
BS13-081	1
BS13-083	1
BS13-084	1
BS13-X01	8
BS13-X02	3
BS13-X03	5
BS13-X04	4
BS13-X05	3
BS13-X06	1
BS14-001	1
BS14-003	1
BS14-004	2
BS14-006	1
BS14-007	9
BS14-008	2
BS14-010	1
BS14-011	3
BS14-012	2
BS14-013	2
BS14-015	1
BS14-016	8
BS14-017	2
BS14-018	1
BS14-019	2
BS14-023	1
BS14-024	1
BS14-025	1
BS14-026	4
BS14-027	2
BS14-028	1
BS14-029	1
BS14-030	7
BS14-032	1
BS14-035	2
BS14-036	2
BS14-038	2
BS14-039	1
BS14-040	1
BS14-042	3
BS14-046	2
BS14-048	1
BS14-049	3
BS14-050	2
BS14-051	3
BS14-052	2
BS14-053	1
BS14-057	2
BS14-058	1
BS14-065	1
BS14-068	3
BS14-069	2
BS14-070	1
BS14-073	2
BS14-074	4
BS14-077	2
BS14-078	1
BS14-080	1
BS14-081	1
BS14-082	6
BS14-085	1
BS14-086	2
BS14-091	4
BS14-093	1
BS14-095	3
BS14-096	1
BS14-097	1
BS14-098	1
BS14-100	8
BS14-104	3
BS14-107	1
BS14-109	2
BS14-111	1
BS14-112	2
BS14-X01	3
BS14-X02	1
BS14-X04	1
BS15-001	1
BS15-002	1
BS15-004	1
BS15-006	1
BS15-009	1
BS15-011	1
BS15-015	1
BS15-017	1
BS15-020	2
BS15-021	1
BS15-023	1
BS15-029	1
BS15-037	1
BS15-039	2
BS15-040	1
BS15-041	1
BS15-042	1
BS15-043	2
BS15-044	1
BS15-053	1
BS15-054	2
BS15-055	1
BS15-056	1
BS15-065	1
BS15-068	3
BS15-073	1
BS15-074	3
BS15-075	3
BS15-076	2
BS15-077	1
BS15-078	2
BS15-080	3
BS15-082	2
BS15-083	1
BS15-X06	1
BS16-001	2
BS16-002	3
BS16-004	1
BS16-005	1
BS16-009	3
BS16-010	2
BS16-012	4
BS16-013	1
BS16-014	2
BS16-016	1
BS16-021	1
BS16-022	3
BS16-025	1
BS16-035	1
BS16-038	1
BS16-039	1
BS16-040	1
BS16-042	2
BS16-045	1
BS16-047	1
BS16-048	1
BS16-049	1
BS16-055	3
BS16-059	1
BS16-062	1
BS16-067	1
BS16-073	1
BS16-075	1
BS16-076	1
BS16-077	1
BS16-080	3
BS16-081	1
BS16-082	1
BS16-X01	2
BS16-X06	1
BS17-002	2
BS17-003	1
BS17-004	1
BS17-008	1
BS17-009	1
BS17-010	1
BS17-014	1
BS17-017	1
BS17-018	1
BS17-019	2
BS17-021	1
BS17-027	2
BS17-029	2
BS17-031	1
BS17-034	1
BS17-035	1
BS17-038	1
BS17-039	1
BS17-040	1
BS17-041	1
BS17-045	1
BS17-046	2
BS17-048	1
BS17-052	1
BS17-054	2
BS17-060	2
BS17-062	3
BS17-063	1
BS17-065	1
BS17-066	2
BS17-069	1
BS17-070	1
BS17-072	1
BS17-073	1
BS17-074	1
BS17-076	1
BS17-080	1
BS17-081	2
BS17-X01	1
BS17-X04	1
BS17-X05	3
BS17-X06	1
BS18-003	1
BS18-004	1
BS18-006	1
BS18-008	1
BS18-010	4
BS18-013	1
BS18-016	1
BS18-017	1
BS18-022	1
BS18-025	1
BS18-026	1
BS18-028	1
BS18-029	1
BS18-031	1
BS18-034	1
BS18-038	1
BS18-039	1
BS18-042	1
BS18-043	1
BS18-044	2
BS18-045	2
BS18-047	1
BS18-050	1
BS18-058	1
BS18-066	1
BS18-068	1
BS18-072	1
BS18-073	1
BS18-074	3
BS18-075	4
BS18-079	1
BS18-080	2
BS18-081	1
BS18-X01	1
BS18-X05	1
BS19-002	3
BS19-005	1
BS19-007	3
BS19-012	2
BS19-013	2
BS19-016	2
BS19-017	1
BS19-018	1
BS19-019	2
BS19-023	1
BS19-024	2
BS19-025	2
BS19-026	1
BS19-027	3
BS19-028	1
BS19-031	2
BS19-045	1
BS19-046	2
BS19-053	1
BS19-065	1
BS19-067	6
BS19-069	4
BS19-071	1
BS19-074	1
BS19-075	1
BS19-079	1
BS19-080	1
BS19-081	1
BS19-083	1
BS19-084	2
BS19-085	1
BS19-088	8
BS19-089	1
BS19-090	2
BS19-094	1
BS19-097	1
BS19-099	3
BS19-100	4
BS19-102	1
BS19-103	3
BS19-104	3
BS19-X01	1
BS19-X05	1
BS19-X07	2
BS19-X08	2
BS20-002	1
BS20-005	4
BS20-006	1
BS20-010	1
BS20-011	1
BS20-015	2
BS20-017	1
BS20-018	1
BS20-019	2
BS20-020	1
BS20-021	1
BS20-026	2
BS20-028	1
BS20-030	1
BS20-037	3
BS20-038	1
BS20-039	1
BS20-042	1
BS20-043	2
BS20-044	2
BS20-048	1
BS20-052	1
BS20-053	1
BS20-055	5
BS20-057	1
BS20-058	2
BS20-061	1
BS20-063	2
BS20-067	2
BS20-068	1
BS20-069	2
BS20-070	1
BS20-073	1
BS20-074	2
BS20-076	1
BS20-077	4
BS20-078	1
BS20-079	3
BS20-082	2
BS20-084	1
BS20-X04	1
BS20-X05	1
BS20-X07	2
BS20-X08	3
BS21-002	1
BS21-005	3
BS21-011	2
BS21-013	2
BS21-015	1
BS21-017	1
BS21-019	1
BS21-020	3
BS21-022	3
BS21-023	2
BS21-024	1
BS21-026	2
BS21-030	1
BS21-032	2
BS21-033	2
BS21-037	1
BS21-038	1
BS21-039	2
BS21-041	2
BS21-045	1
BS21-046	1
BS21-053	1
BS21-056	1
BS21-059	4
BS21-060	1
BS21-061	3
BS21-062	2
BS21-063	2
BS21-064	2
BS21-065	3
BS21-067	1
BS21-074	1
BS21-076	2
BS21-077	2
BS21-079	1
BS21-081	2
BS21-082	2
BS21-X04	1
BS21-X07	2
BS21-X08	1
BS22-001	2
BS22-003	3
BS22-004	1
BS22-008	1
BS22-010	3
BS22-011	2
BS22-013	1
BS22-015	1
BS22-019	4
BS22-020	2
BS22-028	1
BS22-030	1
BS22-031	4
BS22-032	1
BS22-038	2
BS22-041	1
BS22-043	1
BS22-044	1
BS22-045	2
BS22-046	2
BS22-047	1
BS22-049	1
BS22-051	1
BS22-052	1
BS22-053	1
BS22-057	3
BS22-059	1
BS22-061	2
BS22-063	2
BS22-067	1
BS22-068	1
BS22-069	1
BS22-070	8
BS22-071	2
BS22-074	1
BS22-076	1
BS22-078	1
BS22-079	1
BS22-080	1
BS22-X03	1
BS22-X04	1
BS22-X05	1
BS22-X07	1
BS22-X08	4
BS23-001	2
BS23-004	3
BS23-006	5
BS23-009	4
BS23-010	1
BS23-012	4
BS23-015	1
BS23-017	1
BS23-018	1
BS23-019	1
BS23-020	1
BS23-021	1
BS23-023	3
BS23-024	1
BS23-025	2
BS23-026	1
BS23-028	1
BS23-029	1
BS23-030	2
BS23-032	5
BS23-033	2
BS23-034	3
BS23-036	3
BS23-037	3
BS23-038	3
BS23-039	7
BS23-041	1
BS23-042	5
BS23-043	1
BS23-044	3
BS23-045	1
BS23-047	4
BS23-048	2
BS23-050	1
BS23-054	1
BS23-057	3
BS23-059	3
BS23-060	1
BS23-061	2
BS23-063	1
BS23-064	1
BS23-065	1
BS23-067	4
BS23-069	2
BS23-071	3
BS23-072	1
BS23-073	4
BS23-075	1
BS23-076	3
BS23-079	1
BS23-080	1
BS23-081	4
BS23-082	2
BS23-X01	2
BS23-X03	3
BS23-X04	1
BS23-X05	1
BS23-X07	3
BS23-X08	1
BS24-001	1
BS24-002	2
BS24-003	2
BS24-004	2
BS24-005	2
BS24-006	1
BS24-007	2
BS24-011	1
BS24-014	1
BS24-016	1
BS24-017	1
BS24-018	1
BS24-019	1
BS24-020	1
BS24-021	3
BS24-022	1
BS24-025	3
BS24-026	3
BS24-027	1
BS24-029	1
BS24-030	1
BS24-031	2
BS24-033	1
BS24-034	2
BS24-035	5
BS24-036	3
BS24-037	2
BS24-041	1
BS24-042	1
BS24-043	1
BS24-045	2
BS24-046	4
BS24-048	3
BS24-052	1
BS24-053	1
BS24-057	3
BS24-060	2
BS24-065	1
BS24-067	1
BS24-068	1
BS24-072	1
BS24-073	1
BS24-077	1
BS24-080	3
BS24-081	2
BS24-082	1
BS24-083	4
BS24-084	1
BS24-085	3
BS24-088	1
BS24-090	1
BS24-091	1
BS24-092	2
BS24-093	1
BS24-094	2
BS24-097	5
BS24-099	3
BS24-100	3
BS24-101	2
BS24-102	1
BS24-106	2
BS24-107	2
BS24-108	2
BS24-110	1
BS24-111	1
BS24-112	1
BS24-X01	2
BS24-X07	1
BS25-001	1
BS25-002	1
BS25-003	5
BS25-004	1
BS25-007	1
BS25-008	2
BS25-009	1
BS25-010	2
BS25-011	1
BS25-012	3
BS25-013	1
BS25-014	1
BS25-015	2
BS25-018	4
BS25-019	1
BS25-020	1
BS25-024	2
BS25-025	2
BS25-026	3
BS25-027	2
BS25-028	1
BS25-029	1
BS25-030	2
BS25-032	3
BS25-034	1
BS25-035	6
BS25-036	1
BS25-037	2
BS25-038	1
BS25-039	1
BS25-040	1
BS25-041	1
BS25-042	4
BS25-043	3
BS25-044	3
BS25-045	1
BS25-046	2
BS25-048	1
BS25-054	1
BS25-056	1
BS25-057	1
BS25-060	2
BS25-061	2
BS25-062	1
BS25-064	2
BS25-065	2
BS25-066	2
BS25-067	2
BS25-068	1
BS25-070	1
BS25-071	1
BS25-073	1
BS25-074	2
BS25-076	2
BS25-078	1
BS25-081	3
BS25-083	1
BS25-X07	1
BS26-001	2
BS26-002	2
BS26-003	1
BS26-004	2
BS26-005	1
BS26-006	1
BS26-007	1
BS26-009	1
BS26-012	1
BS26-013	4
BS26-014	2
BS26-018	2
BS26-020	8
BS26-022	1
BS26-024	1
BS26-025	2
BS26-027	1
BS26-028	1
BS26-029	1
BS26-030	2
BS26-031	1
BS26-032	2
BS26-033	1
BS26-034	1
BS26-035	2
BS26-036	2
BS26-038	1
BS26-042	1
BS26-044	2
BS26-045	1
BS26-046	6
BS26-047	3
BS26-048	4
BS26-049	2
BS26-050	5
BS26-051	2
BS26-052	1
BS26-055	1
BS26-056	2
BS26-057	2
BS26-058	2
BS26-061	4
BS26-063	4
BS26-064	1
BS26-066	1
BS26-068	3
BS26-069	1
BS26-070	4
BS26-072	2
BS26-073	1
BS26-074	1
BS26-075	2
BS26-077	1
BS26-079	3
BS26-080	1
BS26-X02	1
BS26-X03	1
BS26-X05	1
BS26-X06	4
BS26-X07	4
BS26-X08	3
BS27-001	2
BS27-002	9
BS27-004	1
BS27-005	5
BS27-007	2
BS27-008	1
BS27-009	1
BS27-010	2
BS27-011	2
BS27-012	1
BS27-013	1
BS27-017	1
BS27-018	1
BS27-019	2
BS27-021	9
BS27-022	3
BS27-023	2
BS27-024	4
BS27-025	1
BS27-026	3
BS27-028	1
BS27-029	2
BS27-033	3
BS27-034	7
BS27-035	1
BS27-036	1
BS27-037	1
BS27-038	1
BS27-040	2
BS27-044	1
BS27-046	1
BS27-054	1
BS27-057	2
BS27-059	1
BS27-061	4
BS27-062	1
BS27-063	4
BS27-065	3
BS27-066	3
BS27-067	1
BS27-068	3
BS27-069	1
BS27-070	2
BS27-072	2
BS27-073	4
BS27-074	3
BS27-075	3
BS27-077	3
BS27-078	2
BS27-079	3
BS27-080	1
BS27-082	2
BS27-X02	1
BS27-X03	1
BS27-X06	4
BS27-X07	4
BS27-X08	4
BS28-001	4
BS28-002	8
BS28-003	3
BS28-004	2
BS28-005	3
BS28-006	4
BS28-007	1
BS28-008	1
BS28-009	2
BS28-010	1
BS28-011	1
BS28-012	2
BS28-013	2
BS28-014	3
BS28-015	1
BS28-016	2
BS28-017	1
BS28-018	2
BS28-019	4
BS28-020	4
BS28-021	7
BS28-022	3
BS28-023	2
BS28-024	2
BS28-025	1
BS28-026	1
BS28-027	2
BS28-028	3
BS28-029	3
BS28-030	5
BS28-031	1
BS28-032	3
BS28-033	3
BS28-034	1
BS28-035	2
BS28-036	2
BS28-037	4
BS28-038	1
BS28-039	3
BS28-040	3
BS28-041	3
BS28-043	1
BS28-046	1
BS28-050	1
BS28-051	1
BS28-052	3
BS28-054	2
BS28-057	1
BS28-058	6
BS28-059	1
BS28-060	1
BS28-061	8
BS28-062	2
BS28-064	1
BS28-066	8
BS28-067	2
BS28-068	2
BS28-069	5
BS28-070	2
BS28-071	9
BS28-072	5
BS28-073	2
BS28-074	1
BS28-075	2
BS28-076	2
BS28-077	2
BS28-078	4
BS28-079	12
BS28-080	2
BS28-081	3
BS28-082	3
BS28-083	2
BS28-X01	1
BS28-X02	1
BS28-X03	2
BS28-X07	1
BS29-001	1
BS29-003	1
BS29-004	1
BS29-005	4
BS29-007	2
BS29-009	1
BS29-010	1
BS29-011	3
BS29-013	1
BS29-014	1
BS29-015	1
BS29-017	3
BS29-018	3
BS29-019	1
BS29-022	1
BS29-023	3
BS29-024	1
BS29-028	1
BS29-029	2
BS29-030	2
BS29-031	1
BS29-032	2
BS29-033	1
BS29-034	2
BS29-036	2
BS29-037	3
BS29-039	1
BS29-041	1
BS29-042	3
BS29-045	1
BS29-046	2
BS29-047	1
BS29-049	2
BS29-050	5
BS29-056	1
BS29-058	2
BS29-059	1
BS29-060	1
BS29-062	1
BS29-063	2
BS29-064	2
BS29-065	3
BS29-067	1
BS29-068	2
BS29-069	1
BS29-071	1
BS29-073	1
BS29-077	1
BS29-078	1
BS29-080	4
BS29-081	1
BS29-082	1
BS29-083	1
BS29-X01	1
BS29-X02	1
BS29-X05	2
BS29-X07	1
BS29-X08	4
BS30-001	3
BS30-002	3
BS30-005	1
BS30-009	1
BS30-010	2
BS30-012	1
BS30-014	1
BS30-015	1
BS30-016	3
BS30-018	2
BS30-019	2
BS30-023	1
BS30-025	5
BS30-027	1
BS30-028	3
BS30-029	2
BS30-030	3
BS30-031	1
BS30-033	1
BS30-034	1
BS30-036	2
BS30-040	3
BS30-041	1
BS30-042	1
BS30-047	1
BS30-049	3
BS30-050	1
BS30-054	1
BS30-055	1
BS30-057	3
BS30-058	3
BS30-059	2
BS30-060	3
BS30-061	3
BS30-062	3
BS30-063	2
BS30-064	1
BS30-066	4
BS30-067	1
BS30-068	1
BS30-069	3
BS30-070	1
BS30-071	3
BS30-072	1
BS30-074	2
BS30-075	4
BS30-076	1
BS30-083	8
BS30-X02	1
BS30-X03	1
BS30-X05	1
BS30-X06	3
BS30-X07	2
BS30-X08	3
BS31-001	1
BS31-002	1
BS31-003	1
BS31-004	1
BS31-006	9
BS31-008	1
BS31-010	1
BS31-013	2
BS31-015	1
BS31-017	1
BS31-018	1
BS31-021	1
BS31-024	1
BS31-025	1
BS31-027	5
BS31-028	3
BS31-029	3
BS31-030	5
BS31-031	1
BS31-036	1
BS31-037	2
BS31-040	3
BS31-041	1
BS31-042	5
BS31-043	3
BS31-045	1
BS31-048	3
BS31-049	5
BS31-052	3
BS31-053	1
BS31-055	2
BS31-057	1
BS31-058	1
BS31-059	1
BS31-061	3
BS31-070	9
BS31-073	3
BS31-077	2
BS31-079	1
BS31-080	2
BS31-082	2
BS31-085	1
BS31-086	1
BS31-087	1
BS31-088	8
BS31-089	3
BS31-090	4
BS31-091	1
BS31-092	5
BS31-094	1
BS31-095	1
BS31-096	1
BS31-099	7
BS31-100	6
BS31-101	2
BS31-104	1
BS31-105	3
BS31-107	9
BS31-108	1
BS31-109	11
BS31-111	2
BS31-112	14
BS31-X01	2
BS31-X02	1
BS31-X03	4
BS31-X04	3
BS31-X05	1
BS31-CP03	1
BS31-CP04	3
BS32-001	2
BS32-002	3
BS32-003	2
BS32-004	2
BS32-005	3
BS32-007	1
BS32-008	1
BS32-010	10
BS32-011	3
BS32-012	2
BS32-014	2
BS32-016	1
BS32-017	3
BS32-018	1
BS32-019	3
BS32-020	1
BS32-021	4
BS32-022	1
BS32-023	2
BS32-024	1
BS32-025	1
BS32-026	2
BS32-027	1
BS32-028	4
BS32-029	6
BS32-030	3
BS32-031	4
BS32-032	5
BS32-034	1
BS32-035	3
BS32-036	2
BS32-037	2
BS32-038	1
BS32-039	3
BS32-040	1
BS32-041	2
BS32-042	1
BS32-043	1
BS32-045	1
BS32-048	1
BS32-054	3
BS32-055	3
BS32-056	2
BS32-057	3
BS32-059	3
BS32-062	1
BS32-063	5
BS32-064	1
BS32-065	4
BS32-066	3
BS32-067	1
BS32-068	10
BS32-069	1
BS32-071	8
BS32-072	10
BS32-073	1
BS32-074	2
BS32-075	1
BS32-076	1
BS32-077	1
BS32-078	41
BS32-080	1
BS32-081	2
BS32-X01	2
BS32-X02	1
BS32-X03	3
BS32-X04	1
BS32-XX02	1
BS32-CP01	3
BS32-CP02	1
BS33-001	4
BS33-002	3
BS33-003	3
BS33-004	3
BS33-005	1
BS33-007	1
BS33-008	1
BS33-009	1
BS33-010	1
BS33-011	4
BS33-012	1
BS33-013	2
BS33-015	2
BS33-019	1
BS33-020	5
BS33-021	1
BS33-023	4
BS33-024	1
BS33-025	3
BS33-028	3
BS33-031	2
BS33-032	3
BS33-033	2
BS33-034	1
BS33-036	1
BS33-038	2
BS33-040	3
BS33-041	1
BS33-042	1
BS33-043	1
BS33-046	1
BS33-047	1
BS33-048	1
BS33-049	1
BS33-050	3
BS33-052	1
BS33-054	1
BS33-055	1
BS33-056	2
BS33-059	1
BS33-060	2
BS33-061	3
BS33-062	4
BS33-063	3
BS33-064	1
BS33-065	2
BS33-066	1
BS33-067	2
BS33-068	1
BS33-070	1
BS33-071	4
BS33-072	3
BS33-074	7
BS33-076	2
BS33-077	1
BS33-078	4
BS33-079	75
BS33-082	5
BS33-X01	1
BS33-X02	3
BS33-X05	1
BS33-CP01	1
BS33-CP03	4
BS34-002	1
BS34-003	3
BS34-004	2
BS34-005	1
BS34-006	3
BS34-008	1
BS34-010	1
BS34-011	1
BS34-015	1
BS34-016	2
BS34-017	1
BS34-018	1
BS34-020	5
BS34-023	1
BS34-024	4
BS34-025	1
BS34-027	1
BS34-029	1
BS34-030	1
BS34-031	3
BS34-032	1
BS34-033	3
BS34-034	3
BS34-035	3
BS34-037	1
BS34-038	3
BS34-039	3
BS34-040	1
BS34-042	1
BS34-043	1
BS34-044	3
BS34-045	1
BS34-046	1
BS34-047	1
BS34-048	1
BS34-049	4
BS34-050	1
BS34-053	2
BS34-054	3
BS34-055	1
BS34-058	3
BS34-059	2
BS34-060	1
BS34-061	3
BS34-062	1
BS34-063	1
BS34-064	2
BS34-065	3
BS34-066	1
BS34-067	2
BS34-068	1
BS34-069	9
BS34-070	1
BS34-071	5
BS34-072	3
BS34-073	3
BS34-075	5
BS34-076	1
BS34-077	5
BS34-079	1
BS34-081	3
BS34-083	1
BS34-X01	1
BS34-X03	1
BS34-X04	1
BS34-X05	3
BS34-X06	3
BS34-XX02	2
BS34-CP03	2
BS34-CP05	1
BS34-CP07	1
BS35-001	1
BS35-003	2
BS35-005	7
BS35-006	1
BS35-007	3
BS35-008	3
BS35-009	1
BS35-010	2
BS35-011	1
BS35-013	1
BS35-014	3
BS35-015	1
BS35-016	1
BS35-018	1
BS35-019	1
BS35-023	9
BS35-024	1
BS35-025	5
BS35-026	4
BS35-028	3
BS35-029	3
BS35-030	1
BS35-031	1
BS35-033	1
BS35-036	1
BS35-038	1
BS35-041	1
BS35-042	2
BS35-043	2
BS35-045	1
BS35-046	1
BS35-047	1
BS35-048	1
BS35-049	1
BS35-052	1
BS35-053	1
BS35-054	1
BS35-055	1
BS35-056	1
BS35-062	1
BS35-064	2
BS35-067	1
BS35-068	1
BS35-069	5
BS35-070	1
BS35-072	1
BS35-073	3
BS35-074	3
BS35-075	1
BS35-076	1
BS35-077	1
BS35-078	8
BS35-079	1
BS35-080	1
BS35-082	1
BS35-083	1
BS35-084	6
BS35-085	3
BS35-086	3
BS35-087	1
BS35-088	2
BS35-089	3
BS35-093	6
BS35-094	1
BS35-095	5
BS35-096	1
BS35-097	1
BS35-099	2
BS35-100	1
BS35-X01	4
BS35-X03	2
BS35-X04	1
BS35-XX02	3
BS35-CP01	1
BS36-001	3
BS36-002	5
BS36-004	3
BS36-005	3
BS36-007	3
BS36-008	3
BS36-009	6
BS36-010	3
BS36-011	3
BS36-012	2
BS36-013	1
BS36-014	1
BS36-016	3
BS36-017	3
BS36-018	1
BS36-019	1
BS36-020	3
BS36-021	3
BS36-022	3
BS36-023	3
BS36-024	3
BS36-025	1
BS36-026	3
BS36-027	3
BS36-028	3
BS36-029	3
BS36-030	2
BS36-031	1
BS36-032	2
BS36-035	3
BS36-037	1
BS36-038	3
BS36-039	3
BS36-040	3
BS36-042	2
BS36-043	1
BS36-045	1
BS36-046	3
BS36-048	2
BS36-049	5
BS36-054	3
BS36-055	1
BS36-057	2
BS36-058	3
BS36-059	1
BS36-060	3
BS36-061	2
BS36-063	3
BS36-064	6
BS36-065	1
BS36-066	4
BS36-067	4
BS36-068	4
BS36-069	1
BS36-070	1
BS36-071	1
BS36-072	3
BS36-073	2
BS36-074	4
BS36-075	3
BS36-076	1
BS36-077	1
BS36-X01	3
BS36-X02	1
BS36-X04	3
BS36-X05	1
BS36-X06	1
BS36-CP01	4
BS36-CP02	4
BS37-001	5
BS37-002	2
BS37-003	10
BS37-004	7
BS37-005	14
BS37-006	12
BS37-007	8
BS37-008	11
BS37-010	10
BS37-011	2
BS37-012	3
BS37-013	14
BS37-014	9
BS37-015	8
BS37-016	3
BS37-017	3
BS37-018	11
BS37-019	12
BS37-020	10
BS37-021	3
BS37-022	9
BS37-023	3
BS37-024	9
BS37-025	10
BS37-026	9
BS37-027	3
BS37-028	7
BS37-029	1
BS37-030	1
BS37-031	9
BS37-032	1
BS37-033	1
BS37-034	10
BS37-035	14
BS37-036	7
BS37-037	6
BS37-038	8
BS37-039	3
BS37-040	14
BS37-041	18
BS37-042	3
BS37-043	7
BS37-044	1
BS37-045	1
BS37-046	11
BS37-047	2
BS37-048	14
BS37-049	17
BS37-051	12
BS37-052	12
BS37-053	1
BS37-054	6
BS37-055	11
BS37-056	1
BS37-057	8
BS37-058	8
BS37-059	1
BS37-060	13
BS37-061	8
BS37-062	1
BS37-063	5
BS37-064	6
BS37-065	11
BS37-066	8
BS37-067	9
BS37-068	3
BS37-070	9
BS37-071	1
BS37-072	2
BS37-073	2
BS37-074	8
BS37-X01	1
BS37-X02	1
BS37-X03	3
BS37-X04	1
BS37-X05	2
BS37-CP01	1
BS37-CP02	2
BS37-CP03	1
BS38-001	6
BS38-002	6
BS38-003	5
BS38-004	6
BS38-005	6
BS38-006	1
BS38-008	6
BS38-009	6
BS38-010	6
BS38-011	5
BS38-012	1
BS38-013	6
BS38-014	5
BS38-016	4
BS38-017	5
BS38-018	3
BS38-019	6
BS38-020	6
BS38-021	6
BS38-022	2
BS38-023	1
BS38-024	5
BS38-025	5
BS38-027	6
BS38-028	6
BS38-029	6
BS38-031	2
BS38-032	6
BS38-033	6
BS38-034	5
BS38-035	6
BS38-037	6
BS38-038	1
BS38-040	3
BS38-041	5
BS38-042	2
BS38-043	6
BS38-044	5
BS38-045	6
BS38-047	1
BS38-048	3
BS38-049	1
BS38-051	1
BS38-052	1
BS38-054	1
BS38-057	1
BS38-059	1
BS38-060	5
BS38-061	6
BS38-062	6
BS38-063	6
BS38-064	4
BS38-065	2
BS38-066	7
BS38-067	2
BS38-069	9
BS38-070	5
BS38-072	6
BS38-074	8
BS38-075	3
BS38-076	5
BS38-077	6
BS38-RV001	6
BS38-RV002	4
BS38-RV003	6
BS38-RV004	6
BS38-RV005	6
BS38-RV006	7
BS38-RV007	1
BS38-RV008	6
BS38-RV009	5
BS38-RV010	1
BS38-RV011	6
BS38-RV012	6
BS38-RV013	6
BS38-RV014	6
BS38-RV015	1
BS38-RV016	3
BS38-RV017	8
BS38-RV018	8
BS38-RV019	4
BS38-RV020	3
BS38-RV021	1
BS38-RV022	4
BS38-RV023	3
BS38-RV024	1
BS38-RV025	6
BS38-RV026	6
BS38-RV027	5
BS38-RV028	7
BS38-RV029	4
BS38-RV030	7
BS38-RV031	1
BS38-RV032	4
BS38-RV033	20
BS38-RV034	5
BS38-RV035	7
BS38-RV036	1
BS38-RV037	1
BS38-RV038	5
BS38-RV039	7
BS38-RV040	6
BS38-RV041	2
BS38-X01	2
BS38-X02	1
BS38-X03	5
BS38-X04	1
BS38-X05	1
BS38-X06	1
BS38-XX02	3
BS38-RVX01	4
BS38-RVX02	3
BS38-RVX03	3
BS38-RVX04	3
BS38-RVX05	4
BS38-RVX06	3
BS38-CP01	5
BS38-CP02	6
BS38-CP03	1
BS38-CP05	3
BS38-CP08	3
BS39-001	6
BS39-002	6
BS39-003	9
BS39-004	6
BS39-005	3
BS39-006	3
BS39-007	3
BS39-008	5
BS39-009	2
BS39-010	3
BS39-011	5
BS39-013	6
BS39-014	1
BS39-015	1
BS39-016	6
BS39-017	5
BS39-018	3
BS39-019	6
BS39-020	6
BS39-022	5
BS39-025	6
BS39-026	5
BS39-027	6
BS39-028	8
BS39-029	5
BS39-031	1
BS39-032	1
BS39-033	6
BS39-034	5
BS39-035	6
BS39-036	4
BS39-037	1
BS39-038	6
BS39-039	1
BS39-040	1
BS39-041	3
BS39-042	6
BS39-043	6
BS39-045	5
BS39-048	6
BS39-049	9
BS39-050	6
BS39-051	9
BS39-052	9
BS39-053	1
BS39-054	8
BS39-055	9
BS39-056	6
BS39-057	9
BS39-058	8
BS39-059	9
BS39-060	2
BS39-061	6
BS39-062	8
BS39-063	3
BS39-064	5
BS39-065	3
BS39-066	5
BS39-067	5
BS39-068	6
BS39-069	1
BS39-070	4
BS39-071	5
BS39-072	6
BS39-073	6
BS39-075	5
BS39-076	6
BS39-RV001	5
BS39-RV002	6
BS39-RV003	6
BS39-RV004	5
BS39-RV005	6
BS39-RV006	3
BS39-RV007	10
BS39-RV008	6
BS39-RV009	4
BS39-RV010	4
BS39-RV011	6
BS39-RV012	6
BS39-RV013	7
BS39-RV014	1
BS39-RV015	3
BS39-RV016	5
BS39-RV017	3
BS39-RV018	8
BS39-RV019	4
BS39-RV020	1
BS39-RV021	7
BS39-RV022	1
BS39-RV023	1
BS39-RV024	1
BS39-RV025	6
BS39-RV026	1
BS39-RV027	6
BS39-RV028	4
BS39-RV029	6
BS39-RV030	8
BS39-RV031	4
BS39-RV032	7
BS39-RV033	8
BS39-RV034	4
BS39-RV035	6
BS39-RV036	10
BS39-RV037	6
BS39-RV038	1
BS39-RV039	4
BS39-RV040	2
BS39-RV041	1
BS39-X01	2
BS39-X02	1
BS39-X03	1
BS39-X05	5
BS39-X06	1
BS39-RVX01	3
BS39-RVX02	3
BS39-RVX03	3
BS39-RVX04	3
BS39-RVX05	3
BS39-RVX06	3
BS39-XX02	3
BS40-001	5
BS40-002	4
BS40-003	4
BS40-004	3
BS40-005	4
BS40-006	5
BS40-007	5
BS40-008	5
BS40-011	5
BS40-012	5
BS40-013	5
BS40-014	6
BS40-016	6
BS40-017	5
BS40-018	4
BS40-019	1
BS40-020	3
BS40-021	3
BS40-022	2
BS40-023	4
BS40-024	5
BS40-025	4
BS40-027	6
BS40-028	5
BS40-030	4
BS40-032	4
BS40-033	3
BS40-034	3
BS40-035	4
BS40-037	5
BS40-038	5
BS40-039	4
BS40-040	1
BS40-041	3
BS40-042	3
BS40-044	3
BS40-045	3
BS40-046	4
BS40-047	1
BS40-048	3
BS40-049	3
BS40-050	5
BS40-051	5
BS40-052	1
BS40-053	2
BS40-054	6
BS40-055	4
BS40-056	5
BS40-058	4
BS40-059	5
BS40-060	5
BS40-061	6
BS40-063	1
BS40-064	4
BS40-065	3
BS40-066	3
BS40-067	4
BS40-068	6
BS40-069	4
BS40-070	4
BS40-071	4
BS40-072	4
BS40-073	5
BS40-074	4
BS40-075	3
BS40-076	6
BS40-077	9
BS40-078	5
BS40-079	5
BS40-081	4
BS40-082	5
BS40-083	1
BS40-084	1
BS40-085	7
BS40-086	3
BS40-087	5
BS40-088	17
BS40-089	4
BS40-090	4
BS40-091	3
BS40-092	4
BS40-093	3
BS40-094	5
BS40-095	1
BS40-RV001	4
BS40-RV002	3
BS40-RV003	5
BS40-RV004	1
BS40-RV005	7
BS40-RV006	1
BS40-RV007	5
BS40-RV008	2
BS40-RV009	5
BS40-RV010	1
BS40-RV011	5
BS40-RV012	2
BS40-X01	3
BS40-X02	3
BS40-X04	1
BS40-X05	1
BS40-X06	1
BS40-XX02	1
BS40-CP01	1
BS40-CP02	1
BS40-CP03	1
BS40-CP04	1
BS40-CP06	2
BS40-CP08	1
BS40-CP09	1
BS41-001	5
BS41-002	4
BS41-003	4
BS41-004	3
BS41-005	4
BS41-006	3
BS41-007	3
BS41-008	4
BS41-009	3
BS41-010	5
BS41-011	3
BS41-012	3
BS41-013	5
BS41-014	4
BS41-015	3
BS41-016	4
BS41-017	4
BS41-018	5
BS41-019	3
BS41-020	4
BS41-021	1
BS41-024	5
BS41-025	3
BS41-026	5
BS41-027	3
BS41-028	3
BS41-029	2
BS41-030	4
BS41-032	4
BS41-034	4
BS41-035	1
BS41-036	5
BS41-037	3
BS41-038	5
BS41-039	4
BS41-040	3
BS41-041	4
BS41-042	3
BS41-043	5
BS41-044	3
BS41-045	1
BS41-047	1
BS41-048	5
BS41-049	3
BS41-050	3
BS41-051	5
BS41-052	3
BS41-053	5
BS41-054	1
BS41-055	3
BS41-056	1
BS41-057	4
BS41-058	4
BS41-059	5
BS41-060	5
BS41-061	9
BS41-062	4
BS41-063	3
BS41-064	4
BS41-065	3
BS41-066	3
BS41-067	3
BS41-068	4
BS41-069	1
BS41-070	2
BS41-071	5
BS41-072	4
BS41-073	2
BS41-074	3
BS41-075	4
BS41-076	5
BS41-077	3
BS41-078	4
BS41-079	5
BS41-080	3
BS41-081	4
BS41-082	3
BS41-083	1
BS41-084	4
BS41-085	5
BS41-087	5
BS41-088	4
BS41-089	3
BS41-090	3
BS41-092	9
BS41-093	3
BS41-094	4
BS41-095	1
BS41-RV001	5
BS41-RV002	1
BS41-RV003	2
BS41-RV004	1
BS41-RV005	4
BS41-RV006	2
BS41-RV007	6
BS41-RV008	1
BS41-RV009	1
BS41-RV010	1
BS41-RV011	2
BS41-RV012	1
BS41-X01	3
BS41-X02	3
BS41-X06	1
BS41-CP01	1
BS41-CP02	2
BS41-CP03	1
BS41-CP04	4
BS41-CP05	1
BS41-CP07	1
BS41-CP08	1
BS42-001	3
BS42-002	4
BS42-003	6
BS42-004	4
BS42-005	4
BS42-006	3
BS42-007	9
BS42-008	9
BS42-009	1
BS42-010	4
BS42-011	3
BS42-012	1
BS42-013	7
BS42-014	5
BS42-015	4
BS42-016	4
BS42-017	4
BS42-018	4
BS42-019	8
BS42-020	3
BS42-021	5
BS42-022	5
BS42-023	3
BS42-025	4
BS42-026	3
BS42-027	4
BS42-028	1
BS42-029	4
BS42-030	5
BS42-031	3
BS42-032	3
BS42-035	5
BS42-036	1
BS42-037	3
BS42-038	4
BS42-039	3
BS42-040	1
BS42-041	4
BS42-043	1
BS42-044	4
BS42-045	4
BS42-046	4
BS42-047	4
BS42-048	3
BS42-049	3
BS42-050	4
BS42-051	3
BS42-052	2
BS42-053	4
BS42-054	3
BS42-055	4
BS42-056	4
BS42-057	3
BS42-058	3
BS42-059	1
BS42-060	1
BS42-061	1
BS42-062	5
BS42-063	4
BS42-064	5
BS42-065	3
BS42-066	5
BS42-067	4
BS42-068	5
BS42-070	1
BS42-071	1
BS42-072	5
BS42-074	4
BS42-075	1
BS42-076	3
BS42-077	3
BS42-078	4
BS42-079	3
BS42-080	4
BS42-081	3
BS42-082	5
BS42-083	3
BS42-084	3
BS42-085	5
BS42-086	4
BS42-087	4
BS42-088	5
BS42-090	4
BS42-091	4
BS42-092	3
BS42-093	3
BS42-094	6
BS42-095	4
BS42-RV001	4
BS42-RV002	2
BS42-RV003	1
BS42-RV004	5
BS42-RV005	4
BS42-RV006	2
BS42-RV007	4
BS42-RV008	5
BS42-RV009	4
BS42-RV010	4
BS42-RV011	3
BS42-RV012	4
BS42-X01	3
BS42-X02	5
BS42-XX01	3
BS42-CP01	1
BS42-CP02	1
BS42-CP03	1
BS42-CP04	1
BS43-001	6
BS43-002	6
BS43-003	3
BS43-004	3
BS43-005	5
BS43-006	6
BS43-007	5
BS43-008	3
BS43-009	6
BS43-010	1
BS43-011	5
BS43-012	6
BS43-013	4
BS43-014	6
BS43-017	6
BS43-018	3
BS43-019	3
BS43-020	5
BS43-021	5
BS43-022	6
BS43-023	1
BS43-024	5
BS43-025	6
BS43-026	5
BS43-027	5
BS43-028	6
BS43-029	6
BS43-031	1
BS43-032	1
BS43-033	1
BS43-034	5
BS43-035	6
BS43-037	5
BS43-038	7
BS43-039	6
BS43-040	6
BS43-041	6
BS43-042	1
BS43-043	5
BS43-044	5
BS43-047	6
BS43-048	6
BS43-049	5
BS43-050	6
BS43-051	3
BS43-052	4
BS43-053	1
BS43-054	6
BS43-055	2
BS43-056	5
BS43-057	1
BS43-058	6
BS43-059	6
BS43-060	5
BS43-061	6
BS43-062	5
BS43-064	6
BS43-066	7
BS43-067	5
BS43-070	1
BS43-071	12
BS43-072	5
BS43-073	4
BS43-074	6
BS43-075	1
BS43-076	6
BS43-077	1
BS43-078	6
BS43-079	6
BS43-080	4
BS43-081	6
BS43-082	6
BS43-083	5
BS43-084	13
BS43-085	15
BS43-086	6
BS43-087	3
BS43-088	6
BS43-089	7
BS43-090	4
BS43-091	5
BS43-092	6
BS43-093	5
BS43-094	5
BS43-095	6
BS43-RV001	6
BS43-RV002	4
BS43-RV003	7
BS43-RV004	7
BS43-RV005	6
BS43-RV006	4
BS43-RV007	4
BS43-RV008	4
BS43-RV009	5
BS43-RV010	5
BS43-RV011	6
BS43-RV012	6
BS43-RV013	6
BS43-RV014	7
BS43-RV015	3
BS43-RV016	6
BS43-RV017	6
BS43-RV018	4
BS43-RV019	6
BS43-RV020	3
BS43-RV021	6
BS43-RV022	6
BS43-RV023	7
BS43-RV024	6
BS43-RV025	3
BS43-RV026	6
BS43-RV027	5
BS43-RV028	6
BS43-RV029	4
BS43-RV030	6
BS43-RV031	1
BS43-X01	3
BS43-X03	3
BS43-X04	1
BS43-X05	3
BS43-X06	3
BS43-RVX01	1
BS43-RVX02	3
BS43-RVX03	1
BS43-RVX05	3
BS43-RVX06	3
BS43-XX01	1
BS43-RVXX01	2
BS43-CP01	2
BS43-CP02	1
BS43-CP03	1
BS44-001	4
BS44-002	4
BS44-003	4
BS44-004	3
BS44-005	4
BS44-006	6
BS44-007	3
BS44-008	3
BS44-009	4
BS44-010	1
BS44-011	5
BS44-013	1
BS44-014	5
BS44-015	4
BS44-016	1
BS44-017	7
BS44-018	4
BS44-020	4
BS44-021	4
BS44-022	4
BS44-023	6
BS44-024	1
BS44-025	1
BS44-026	1
BS44-027	4
BS44-028	3
BS44-029	5
BS44-030	3
BS44-031	4
BS44-032	5
BS44-033	2
BS44-036	4
BS44-037	4
BS44-038	4
BS44-039	5
BS44-040	3
BS44-041	5
BS44-042	10
BS44-043	5
BS44-045	1
BS44-048	1
BS44-049	3
BS44-050	5
BS44-051	4
BS44-052	4
BS44-053	3
BS44-054	4
BS44-055	6
BS44-056	1
BS44-057	1
BS44-058	3
BS44-059	3
BS44-061	3
BS44-062	4
BS44-063	4
BS44-064	1
BS44-065	1
BS44-066	1
BS44-067	5
BS44-068	4
BS44-069	3
BS44-070	5
BS44-071	5
BS44-072	6
BS44-073	4
BS44-074	9
BS44-075	5
BS44-076	4
BS44-077	6
BS44-078	13
BS44-079	4
BS44-080	3
BS44-081	5
BS44-082	4
BS44-083	5
BS44-084	4
BS44-085	6
BS44-086	5
BS44-087	5
BS44-088	8
BS44-089	5
BS44-090	6
BS44-091	6
BS44-092	27
BS44-093	5
BS44-094	6
BS44-095	4
BS44-096	17
BS44-RV001	5
BS44-RV002	5
BS44-RV004	3
BS44-RV005	2
BS44-RV007	2
BS44-RV008	1
BS44-RV009	1
BS44-RV010	1
BS44-RV011	4
BS44-RV012	3
BS44-X02	3
BS44-X03	1
BS44-X05	3
BS44-X06	4
BS44-X07	5
BS44-X08	1
BS44-XX02	1
BS44-CP02	1
BS44-CP03	1
BS45-001	4
BS45-002	6
BS45-003	1
BS45-004	7
BS45-005	5
BS45-006	5
BS45-007	4
BS45-010	5
BS45-011	4
BS45-012	7
BS45-013	4
BS45-014	1
BS45-015	6
BS45-017	1
BS45-018	8
BS45-019	4
BS45-020	5
BS45-021	6
BS45-022	5
BS45-024	4
BS45-025	7
BS45-026	5
BS45-027	5
BS45-028	1
BS45-029	5
BS45-030	4
BS45-031	6
BS45-032	1
BS45-033	6
BS45-034	5
BS45-035	6
BS45-036	5
BS45-037	4
BS45-038	4
BS45-039	5
BS45-042	4
BS45-043	6
BS45-044	5
BS45-045	6
BS45-046	3
BS45-047	7
BS45-048	7
BS45-049	4
BS45-050	4
BS45-051	3
BS45-052	4
BS45-053	6
BS45-054	8
BS45-055	5
BS45-056	6
BS45-057	5
BS45-058	1
BS45-059	6
BS45-060	5
BS45-061	6
BS45-062	1
BS45-063	4
BS45-064	4
BS45-065	4
BS45-067	6
BS45-068	7
BS45-069	1
BS45-070	3
BS45-071	2
BS45-073	3
BS45-074	1
BS45-075	4
BS45-077	1
BS45-079	6
BS45-080	5
BS45-081	5
BS45-082	13
BS45-083	1
BS45-084	9
BS45-085	4
BS45-086	4
BS45-087	1
BS45-088	5
BS45-089	7
BS45-090	5
BS45-092	5
BS45-093	14
BS45-094	6
BS45-095	7
BS45-096	5
BS45-RV001	5
BS45-RV002	1
BS45-RV003	1
BS45-RV004	1
BS45-RV006	5
BS45-RV007	5
BS45-RV008	5
BS45-RV009	5
BS45-RV010	6
BS45-RV011	4
BS45-RV012	6
BS45-X01	2
BS45-X03	1
BS45-X06	1
BS45-X07	1
BS45-X08	6
BS45-X09	1
BS45-CP01	3
BS45-CP02	4
BS46-001	3
BS46-002	5
BS46-003	3
BS46-004	4
BS46-005	5
BS46-008	1
BS46-009	4
BS46-010	1
BS46-011	3
BS46-013	4
BS46-014	1
BS46-015	7
BS46-016	3
BS46-017	4
BS46-018	4
BS46-019	3
BS46-020	5
BS46-021	3
BS46-022	1
BS46-023	3
BS46-024	4
BS46-025	3
BS46-026	1
BS46-030	3
BS46-031	4
BS46-032	3
BS46-033	1
BS46-034	5
BS46-035	3
BS46-036	3
BS46-037	1
BS46-038	4
BS46-039	4
BS46-041	4
BS46-042	3
BS46-043	3
BS46-044	4
BS46-045	3
BS46-046	3
BS46-047	3
BS46-052	1
BS46-053	3
BS46-054	4
BS46-055	3
BS46-057	3
BS46-058	7
BS46-059	4
BS46-060	3
BS46-061	3
BS46-062	1
BS46-063	1
BS46-064	4
BS46-067	4
BS46-068	5
BS46-069	4
BS46-070	3
BS46-071	4
BS46-073	1
BS46-074	1
BS46-077	1
BS46-078	1
BS46-081	4
BS46-082	3
BS46-083	4
BS46-084	4
BS46-085	4
BS46-086	5
BS46-087	5
BS46-088	4
BS46-090	3
BS46-091	3
BS46-092	4
BS46-093	1
BS46-095	1
BS46-096	6
BS46-RV001	6
BS46-RV002	4
BS46-RV003	3
BS46-RV004	5
BS46-RV005	4
BS46-RV006	4
BS46-RV007	5
BS46-RV008	5
BS46-RV009	4
BS46-RV010	4
BS46-RV011	6
BS46-RV012	3
BS46-X04	1
BS46-X07	1
BS46-X12	1
BS46-10thX02	1
BS46-CP01	3
BS46-CP02	3
BS47-001	8
BS47-002	3
BS47-003	3
BS47-004	3
BS47-005	12
BS47-007	3
BS47-008	6
BS47-010	3
BS47-012	3
BS47-013	3
BS47-014	12
BS47-015	3
BS47-016	3
BS47-017	3
BS47-018	3
BS47-019	1
BS47-020	7
BS47-021	3
BS47-023	3
BS47-025	3
BS47-027	14
BS47-028	3
BS47-029	3
BS47-030	3
BS47-031	5
BS47-032	3
BS47-036	3
BS47-037	3
BS47-039	3
BS47-040	3
BS47-041	3
BS47-042	12
BS47-043	3
BS47-044	3
BS47-046	5
BS47-047	3
BS47-049	3
BS47-050	3
BS47-052	3
BS47-053	3
BS47-055	3
BS47-056	13
BS47-057	7
BS47-058	3
BS47-059	3
BS47-061	3
BS47-062	3
BS47-065	3
BS47-066	3
BS47-067	3
BS47-068	3
BS47-069	3
BS47-070	3
BS47-071	12
BS47-072	3
BS47-074	5
BS47-082	1
BS47-083	1
BS47-084	1
BS47-087	3
BS47-089	3
BS47-090	3
BS47-091	3
BS47-092	3
BS47-093	3
BS47-094	3
BS47-095	3
BS47-096	3
BS47-097	11
BS47-098	5
BS47-099	1
BS47-100	4
BS47-101	13
BS47-102	3
BS47-RV001	3
BS47-RV002	4
BS47-RV003	3
BS47-RV004	3
BS47-RV005	3
BS47-RV006	4
BS47-X01	3
BS47-X05	3
BS47-X07	5
BS47-X08	3
BS47-XX01	3
BS47-XX02	3
BS47-XX03	3
BS47-10thX01	8
BS47-10thX02	13
BS47-CP01	7
BS47-CP02	4
BS47-CP03	1
BS47-CP04	3
BS47-CP05	1
BS47-CP07	3
BS48-001	6
BS48-002	6
BS48-003	4
BS48-004	4
BS48-005	3
BS48-006	5
BS48-007	4
BS48-008	6
BS48-009	3
BS48-010	6
BS48-011	4
BS48-012	3
BS48-013	5
BS48-014	3
BS48-016	5
BS48-017	11
BS48-018	5
BS48-019	3
BS48-020	4
BS48-021	5
BS48-022	5
BS48-023	5
BS48-024	5
BS48-025	5
BS48-026	3
BS48-027	3
BS48-028	5
BS48-029	3
BS48-030	6
BS48-031	1
BS48-032	5
BS48-033	6
BS48-034	5
BS48-035	5
BS48-036	6
BS48-037	5
BS48-038	5
BS48-039	1
BS48-040	7
BS48-041	4
BS48-042	6
BS48-043	6
BS48-044	6
BS48-047	5
BS48-048	6
BS48-049	3
BS48-050	6
BS48-051	3
BS48-052	6
BS48-053	5
BS48-054	5
BS48-055	3
BS48-056	3
BS48-057	1
BS48-058	5
BS48-059	5
BS48-060	3
BS48-061	5
BS48-062	7
BS48-064	9
BS48-065	1
BS48-066	2
BS48-067	1
BS48-069	3
BS48-070	1
BS48-073	3
BS48-074	8
BS48-075	3
BS48-076	6
BS48-078	1
BS48-079	7
BS48-080	5
BS48-081	3
BS48-082	8
BS48-083	1
BS48-084	6
BS48-085	5
BS48-086	13
BS48-087	5
BS48-088	7
BS48-089	5
BS48-090	9
BS48-091	8
BS48-092	6
BS48-093	7
BS48-094	4
BS48-095	6
BS48-096	5
BS48-RV001	3
BS48-RV002	1
BS48-RV003	6
BS48-RV004	8
BS48-RV005	3
BS48-RV006	1
BS48-RV007	6
BS48-RV008	6
BS48-RV009	6
BS48-RV010	6
BS48-RV011	4
BS48-RV012	5
BS48-X01	3
BS48-X02	3
BS48-X04	3
BS48-X05	3
BS48-X06	1
BS48-X07	3
BS48-X08	3
BS48-X09	3
BS48-X10	3
BS48-XX01	3
BS48-XX02	3
BS48-10thX01	4
BS48-10thX02	3
BS48-10thX03	3
BS48-SP01	1
BS48-SP02	2
BS49-001	5
BS49-002	4
BS49-003	4
BS49-004	4
BS49-005	4
BS49-006	4
BS49-007	5
BS49-008	3
BS49-009	3
BS49-010	4
BS49-011	3
BS49-012	3
BS49-013	4
BS49-014	3
BS49-015	4
BS49-016	3
BS49-017	3
BS49-018	6
BS49-019	3
BS49-020	4
BS49-021	4
BS49-022	1
BS49-023	3
BS49-025	5
BS49-026	4
BS49-027	6
BS49-028	4
BS49-029	5
BS49-030	3
BS49-032	1
BS49-033	3
BS49-034	3
BS49-035	4
BS49-036	3
BS49-037	1
BS49-038	1
BS49-039	3
BS49-040	6
BS49-041	4
BS49-042	2
BS49-043	3
BS49-044	3
BS49-045	4
BS49-046	1
BS49-047	2
BS49-048	4
BS49-049	4
BS49-050	4
BS49-051	1
BS49-052	4
BS49-053	5
BS49-054	3
BS49-055	5
BS49-056	6
BS49-057	3
BS49-058	3
BS49-059	3
BS49-060	5
BS49-061	4
BS49-062	5
BS49-063	3
BS49-064	3
BS49-065	3
BS49-066	3
BS49-067	3
BS49-068	1
BS49-069	3
BS49-070	4
BS49-071	5
BS49-072	2
BS49-074	3
BS49-075	2
BS49-076	1
BS49-077	2
BS49-078	1
BS49-079	3
BS49-080	2
BS49-081	6
BS49-084	1
BS49-085	4
BS49-086	5
BS49-087	5
BS49-088	4
BS49-089	7
BS49-090	3
BS49-091	4
BS49-092	6
BS49-093	3
BS49-094	4
BS49-095	4
BS49-RV001	4
BS49-RV002	3
BS49-RV003	3
BS49-RV004	5
BS49-RV005	4
BS49-RV006	1
BS49-RV007	4
BS49-RV008	4
BS49-RV009	3
BS49-RV010	5
BS49-RV011	4
BS49-RV012	7
BS49-RV013	4
BS49-X01	3
BS49-X02	3
BS49-X05	3
BS49-X06	3
BS49-X07	4
BS49-X08	1
BS49-X09	1
BS49-X10	3
BS49-XX02	3
BS49-10thX01	3
BS49-10thX02	4
BS49-10thX03	3
BS49-CP01	3
BS49-CP02	1
BS49-CP03	3
BS49-CP04	3
BS50-001	5
BS50-002	7
BS50-003	7
BS50-004	3
BS50-005	6
BS50-006	3
BS50-007	4
BS50-008	3
BS50-009	5
BS50-010	7
BS50-011	4
BS50-012	4
BS50-013	3
BS50-014	9
BS50-015	1
BS50-016	7
BS50-017	5
BS50-018	6
BS50-020	4
BS50-021	3
BS50-022	5
BS50-023	5
BS50-024	2
BS50-025	4
BS50-026	4
BS50-027	2
BS50-028	6
BS50-029	6
BS50-030	5
BS50-031	1
BS50-032	6
BS50-033	1
BS50-034	1
BS50-035	3
BS50-036	5
BS50-037	6
BS50-038	6
BS50-039	10
BS50-040	6
BS50-041	6
BS50-042	5
BS50-043	1
BS50-044	2
BS50-045	2
BS50-046	2
BS50-047	8
BS50-048	3
BS50-049	5
BS50-050	6
BS50-051	1
BS50-052	7
BS50-053	6
BS50-054	2
BS50-055	1
BS50-056	5
BS50-057	5
BS50-058	6
BS50-059	1
BS50-060	4
BS50-061	5
BS50-062	6
BS50-063	4
BS50-064	7
BS50-065	4
BS50-066	4
BS50-067	6
BS50-068	3
BS50-069	6
BS50-070	4
BS50-071	3
BS50-072	3
BS50-073	3
BS50-074	4
BS50-075	5
BS50-076	5
BS50-077	4
BS50-078	5
BS50-079	5
BS50-080	3
BS50-081	7
BS50-082	8
BS50-083	4
BS50-084	5
BS50-085	7
BS50-086	7
BS50-087	6
BS50-088	4
BS50-089	3
BS50-090	5
BS50-091	5
BS50-092	4
BS50-093	4
BS50-094	5
BS50-RV001	4
BS50-RV002	3
BS50-RV003	5
BS50-RV004	5
BS50-RV005	6
BS50-RV006	5
BS50-RV007	3
BS50-RV008	3
BS50-RV009	6
BS50-RV010	6
BS50-RV011	5
BS50-RV012	6
BS50-RV013	1
BS50-RV014	3
BS50-X01	3
BS50-X02	1
BS50-X03	1
BS50-X05	2
BS50-X06	3
BS50-X07	3
BS50-X08	3
BS50-X09	2
BS50-X10	6
BS50-X11	1
BS50-X13	3
BS50-XX01	2
BS50-10thX01	5
BS50-10thX02	3
BS50-10thX03	3
BS50-CP01	3
BS51-001	10
BS51-002	18
BS51-003	7
BS51-004	8
BS51-005	4
BS51-006	7
BS51-007	6
BS51-008	3
BS51-009	9
BS51-010	2
BS51-011	6
BS51-012	7
BS51-013	3
BS51-014	3
BS51-015	5
BS51-016	7
BS51-017	8
BS51-018	9
BS51-019	8
BS51-020	5
BS51-021	1
BS51-022	8
BS51-023	6
BS51-024	6
BS51-025	8
BS51-026	6
BS51-028	3
BS51-029	1
BS51-030	6
BS51-031	6
BS51-032	8
BS51-033	9
BS51-034	8
BS51-035	7
BS51-036	5
BS51-037	9
BS51-038	8
BS51-039	5
BS51-041	8
BS51-042	1
BS51-044	2
BS51-046	6
BS51-047	17
BS51-048	6
BS51-049	9
BS51-050	8
BS51-051	7
BS51-052	8
BS51-053	8
BS51-054	8
BS51-055	3
BS51-056	2
BS51-057	6
BS51-058	3
BS51-060	3
BS51-061	1
BS51-062	7
BS51-063	7
BS51-064	7
BS51-066	7
BS51-067	9
BS51-068	10
BS51-069	7
BS51-070	8
BS51-071	8
BS51-072	8
BS51-073	6
BS51-074	3
BS51-075	3
BS51-076	3
BS51-077	6
BS51-078	1
BS51-079	1
BS51-080	9
BS51-081	7
BS51-082	6
BS51-083	4
BS51-084	8
BS51-085	7
BS51-086	7
BS51-087	13
BS51-088	13
BS51-089	11
BS51-090	16
BS51-091	7
BS51-092	6
BS51-093	6
BS51-RV001	1
BS51-RV002	1
BS51-RV003	1
BS51-RV004	7
BS51-RV005	3
BS51-RV006	3
BS51-RV007	2
BS51-RV008	3
BS51-RV009	3
BS51-RV010	10
BS51-RV011	9
BS51-RV012	7
BS51-RV013	7
BS51-RV014	12
BS51-RV015	8
BS51-X01	3
BS51-X03	1
BS51-X04	4
BS51-X05	1
BS51-X06	4
BS51-X07	3
BS51-X08	7
BS51-X10	1
BS51-XX01	1
BS51-10thX01	3
BS51-10thX02	4
BS51-10thX03	3
BS51-10thX04	5
BS51-CP01	3
BS51-CP02	3
BS51-CP03	3
BS51-CP04	5
BS51-CP05	1
BS51-CP06	3
BS52-001	7
BS52-002	1
BS52-003	11
BS52-004	7
BS52-005	3
BS52-006	9
BS52-007	2
BS52-008	1
BS52-009	3
BS52-010	10
BS52-011	8
BS52-012	8
BS52-013	9
BS52-014	11
BS52-016	4
BS52-017	1
BS52-018	4
BS52-019	9
BS52-020	8
BS52-021	8
BS52-022	8
BS52-023	2
BS52-024	3
BS52-026	2
BS52-027	3
BS52-028	7
BS52-029	10
BS52-030	10
BS52-031	8
BS52-032	1
BS52-033	3
BS52-034	2
BS52-035	1
BS52-036	6
BS52-037	1
BS52-038	10
BS52-039	8
BS52-040	11
BS52-041	3
BS52-042	7
BS52-043	9
BS52-044	3
BS52-045	3
BS52-046	3
BS52-047	8
BS52-048	3
BS52-049	8
BS52-050	2
BS52-051	10
BS52-052	4
BS52-053	3
BS52-054	1
BS52-055	7
BS52-056	7
BS52-057	1
BS52-058	3
BS52-059	7
BS52-060	2
BS52-061	1
BS52-062	3
BS52-064	3
BS52-065	3
BS52-066	12
BS52-067	12
BS52-068	9
BS52-069	19
BS52-070	9
BS52-071	7
BS52-072	7
BS52-073	8
BS52-074	7
BS52-075	8
BS52-076	7
BS52-RV001	8
BS52-RV002	6
BS52-RV003	8
BS52-RV004	8
BS52-RV005	3
BS52-RV006	8
BS52-RV007	11
BS52-RV008	35
BS52-TX01	6
BS52-TX02	6
BS52-TX03	6
BS52-X02	1
BS52-X03	2
BS52-X04	1
BS52-X05	3
BS52-X06	3
BS52-X07	3
BS52-X08	6
BS52-X09	5
BS52-TCP01	1
BS52-TCP02	2
BS52-TCP03	3
BS52-CP01	3
BS52-CP02	3
BS52-CP03	3
BS52-CP04	3
BS52-CP05	4
BS52-CP06	3
BS52-CP07	3
BS52-CP08	3
BS52-CP09	3
BS52-CP10	3
BS52-CP11	3
BS52-CP12	2
BS52-CP13	1
BS52-CP14	3
BS53-001	8
BS53-002	10
BS53-003	8
BS53-004	2
BS53-005	1
BS53-006	7
BS53-007	3
BS53-008	1
BS53-009	2
BS53-010	2
BS53-011	19
BS53-012	9
BS53-013	21
BS53-014	10
BS53-016	1
BS53-017	2
BS53-018	1
BS53-019	7
BS53-020	7
BS53-021	1
BS53-022	3
BS53-023	7
BS53-024	7
BS53-025	10
BS53-026	7
BS53-027	1
BS53-028	1
BS53-030	6
BS53-031	1
BS53-033	2
BS53-034	8
BS53-035	10
BS53-036	7
BS53-037	8
BS53-039	3
BS53-040	1
BS53-041	8
BS53-042	7
BS53-043	7
BS53-044	2
BS53-045	8
BS53-046	9
BS53-047	10
BS53-048	3
BS53-049	2
BS53-050	3
BS53-051	8
BS53-052	3
BS53-053	3
BS53-054	1
BS53-055	3
BS53-056	11
BS53-057	7
BS53-058	3
BS53-059	7
BS53-060	6
BS53-061	3
BS53-062	8
BS53-063	3
BS53-064	3
BS53-065	12
BS53-066	3
BS53-067	9
BS53-068	9
BS53-069	9
BS53-070	10
BS53-071	9
BS53-072	3
BS53-073	8
BS53-074	7
BS53-075	9
BS53-076	10
BS53-077	8
BS53-078	6
BS53-RV001	8
BS53-RV002	8
BS53-RV003	1
BS53-RV004	1
BS53-RV005	8
BS53-RV006	3
BS53-TX01	6
BS53-TX02	6
BS53-TX03	6
BS53-TX04	12
BS53-X01	2
BS53-X03	1
BS53-X05	3
BS53-X06	1
BS53-X07	3
BS53-X08	3
BS53-X09	3
BS53-XX01	3
BS53-XX02	3
BS53-XX03	3
BS53-TCP01	3
BS53-TCP02	1
BS53-TCP03	2
BS53-CP01	3
BS53-CP02	4
BS53-CP03	2
BS53-CP05	3
BS53-CP06	2
BS53-CP07	1
BS53-CP09	1
BS53-CP10	1
BS53-CP11	1
BS53-CP12	1
BS54-001	10
BS54-002	1
BS54-003	13
BS54-004	9
BS54-005	15
BS54-007	1
BS54-009	11
BS54-010	1
BS54-011	10
BS54-012	3
BS54-013	10
BS54-014	3
BS54-015	8
BS54-016	6
BS54-017	1
BS54-018	4
BS54-019	11
BS54-020	10
BS54-021	9
BS54-022	8
BS54-023	7
BS54-025	9
BS54-026	7
BS54-027	1
BS54-028	7
BS54-030	1
BS54-031	11
BS54-032	1
BS54-033	7
BS54-034	10
BS54-036	12
BS54-039	1
BS54-040	9
BS54-042	11
BS54-043	9
BS54-044	10
BS54-045	10
BS54-046	3
BS54-048	3
BS54-049	12
BS54-050	3
BS54-051	7
BS54-052	10
BS54-053	12
BS54-054	3
BS54-056	12
BS54-058	6
BS54-059	1
BS54-060	3
BS54-062	5
BS54-063	1
BS54-064	1
BS54-065	3
BS54-066	3
BS54-067	12
BS54-068	4
BS54-069	9
BS54-070	4
BS54-071	10
BS54-072	3
BS54-073	11
BS54-074	3
BS54-075	6
BS54-076	7
BS54-077	9
BS54-078	11
BS54-RV001	8
BS54-RV002	10
BS54-RV003	11
BS54-RV004	8
BS54-RV005	7
BS54-RV006	12
BS54-X02	3
BS54-X03	3
BS54-X05	1
BS54-X06	3
BS54-X07	3
BS54-X08	5
BS54-X09	6
BS54-TX01	3
BS54-TX02	3
BS54-TX04	4
BS54-TCP01	1
BS54-TCP02	1
BS54-TCP03	3
BS55-001	16
BS55-002	1
BS55-003	13
BS55-005	3
BS55-006	1
BS55-007	3
BS55-008	3
BS55-009	1
BS55-010	9
BS55-011	19
BS55-012	1
BS55-013	11
BS55-014	11
BS55-015	13
BS55-016	12
BS55-017	12
BS55-019	1
BS55-021	3
BS55-023	12
BS55-024	3
BS55-025	12
BS55-026	16
BS55-028	11
BS55-029	10
BS55-030	13
BS55-031	12
BS55-032	11
BS55-033	1
BS55-034	1
BS55-036	12
BS55-039	12
BS55-040	1
BS55-041	14
BS55-042	11
BS55-043	20
BS55-044	1
BS55-045	1
BS55-046	1
BS55-047	1
BS55-048	3
BS55-049	15
BS55-050	13
BS55-051	1
BS55-052	11
BS55-053	2
BS55-054	12
BS55-055	3
BS55-056	3
BS55-057	3
BS55-058	3
BS55-059	12
BS55-060	9
BS55-061	14
BS55-062	3
BS55-063	3
BS55-064	3
BS55-065	3
BS55-066	3
BS55-067	12
BS55-068	13
BS55-069	13
BS55-070	14
BS55-071	12
BS55-072	12
BS55-073	17
BS55-074	14
BS55-075	21
BS55-076	3
BS55-077	13
BS55-078	3
BS55-RV001	11
BS55-RV002	14
BS55-RV003	13
BS55-RV004	12
BS55-RV005	16
BS55-RV006	12
BS55-X02	3
BS55-X03	3
BS55-X04	1
BS55-X05	1
BS55-X06	1
BS55-X07	3
BS55-X08	3
BS55-TX01	2
BS55-TX03	3
BS55-TX04	3
BS55-XX01	1
BS55-XX02	3
BS55-XX03	3
BS55-TCP01	3
BS55-TCP02	1
BS55-TCP03	3
BS55-TCP04	3
BS55-TCP05	3
BS55-TCP06	1
BS55-TCP07	3
BS55-TCP08	3
BS55-TCP09	1
BS55-TCP10	3
BS56-001	4
BS56-002	5
BS56-003	1
BS56-004	5
BS56-005	5
BS56-006	4
BS56-009	1
BS56-010	5
BS56-011	1
BS56-012	6
BS56-013	6
BS56-014	3
BS56-015	5
BS56-016	5
BS56-017	1
BS56-018	1
BS56-019	6
BS56-020	1
BS56-021	1
BS56-022	7
BS56-023	6
BS56-024	6
BS56-025	5
BS56-026	4
BS56-027	5
BS56-028	3
BS56-029	3
BS56-030	1
BS56-031	1
BS56-032	3
BS56-033	5
BS56-034	5
BS56-035	6
BS56-036	1
BS56-037	5
BS56-038	1
BS56-039	2
BS56-040	1
BS56-041	2
BS56-042	1
BS56-043	5
BS56-044	6
BS56-046	4
BS56-047	3
BS56-048	1
BS56-049	3
BS56-050	3
BS56-051	3
BS56-052	6
BS56-053	6
BS56-054	6
BS56-055	5
BS56-056	3
BS56-057	5
BS56-058	6
BS56-060	3
BS56-061	1
BS56-062	4
BS56-063	2
BS56-064	2
BS56-065	5
BS56-066	5
BS56-067	3
BS56-068	5
BS56-069	6
BS56-070	3
BS56-071	5
BS56-072	1
BS56-073	14
BS56-074	3
BS56-075	4
BS56-076	6
BS56-077	6
BS56-078	5
BS56-RV001	8
BS56-RV002	7
BS56-RV003	9
BS56-RV004	5
BS56-RV005	5
BS56-RV006	7
BS56-X02	3
BS56-X03	1
BS56-X04	3
BS56-X05	3
BS56-X07	3
BS56-X08	1
BS56-X09	1
BS56-TX01	1
BS56-TX02	3
BS56-TX03	3
BS56-XX02	1
BS56-TCP01	3
BS56-TCP02	3
BS56-TCP03	3
BS57-001	8
BS57-002	3
BS57-003	4
BS57-004	5
BS57-005	1
BS57-006	3
BS57-007	5
BS57-008	1
BS57-009	3
BS57-010	6
BS57-011	7
BS57-012	4
BS57-013	2
BS57-014	3
BS57-016	6
BS57-017	5
BS57-018	2
BS57-019	1
BS57-020	1
BS57-021	7
BS57-022	3
BS57-023	4
BS57-024	3
BS57-025	3
BS57-026	4
BS57-027	8
BS57-028	4
BS57-029	5
BS57-030	5
BS57-031	6
BS57-032	7
BS57-033	5
BS57-034	1
BS57-035	6
BS57-036	1
BS57-037	6
BS57-038	4
BS57-039	6
BS57-041	3
BS57-042	6
BS57-043	3
BS57-044	3
BS57-045	5
BS57-046	3
BS57-047	5
BS57-048	4
BS57-049	5
BS57-050	4
BS57-051	1
BS57-052	6
BS57-054	3
BS57-055	1
BS57-056	1
BS57-057	1
BS57-058	1
BS57-059	3
BS57-060	1
BS57-061	6
BS57-062	4
BS57-063	6
BS57-064	2
BS57-065	6
BS57-066	4
BS57-067	1
BS57-069	5
BS57-070	3
BS57-071	5
BS57-072	1
BS57-073	7
BS57-074	3
BS57-075	4
BS57-076	5
BS57-077	3
BS57-078	5
BS57-079	5
BS57-080	3
BS57-081	5
BS57-082	4
BS57-083	7
BS57-084	3
BS57-X01	3
BS57-X02	1
BS57-X03	1
BS57-X04	3
BS57-X05	1
BS57-X06	3
BS57-X07	2
BS57-X08	3
BS57-X09	3
BS57-TX02	3
BS57-TX03	1
BS57-TCP01	3
BS57-TCP02	3
BS57-TCP03	3
BS57-TCP04	3
BS57-TCP05	1
BS57-TCP06	1
BS57-TCP07	1
BS57-TCP08	1
BS57-TCP09	3
BS57-TCP10	1
BS58-001	5
BS58-002	6
BS58-003	1
BS58-004	2
BS58-005	3
BS58-006	1
BS58-007	1
BS58-008	4
BS58-009	5
BS58-010	6
BS58-011	3
BS58-012	3
BS58-013	4
BS58-014	3
BS58-015	1
BS58-016	1
BS58-017	7
BS58-018	5
BS58-019	4
BS58-020	5
BS58-021	5
BS58-022	3
BS58-023	3
BS58-024	6
BS58-025	3
BS58-026	5
BS58-027	4
BS58-028	3
BS58-029	6
BS58-030	6
BS58-031	6
BS58-032	4
BS58-034	6
BS58-035	1
BS58-036	4
BS58-037	3
BS58-038	4
BS58-039	6
BS58-040	5
BS58-041	4
BS58-042	7
BS58-043	3
BS58-044	6
BS58-045	3
BS58-046	4
BS58-047	3
BS58-048	3
BS58-049	3
BS58-050	5
BS58-051	3
BS58-052	6
BS58-053	3
BS58-054	5
BS58-055	7
BS58-056	3
BS58-057	4
BS58-059	5
BS58-061	7
BS58-062	3
BS58-063	3
BS58-064	7
BS58-065	5
BS58-066	3
BS58-067	5
BS58-068	3
BS58-069	3
BS58-070	3
BS58-071	3
BS58-072	3
BS58-073	7
BS58-074	5
BS58-075	5
BS58-076	5
BS58-077	6
BS58-078	3
BS58-079	5
BS58-080	6
BS58-081	7
BS58-082	7
BS58-083	6
BS58-084	5
BS58-X01	3
BS58-X02	1
BS58-X03	3
BS58-X04	3
BS58-X05	3
BS58-X06	4
BS58-X07	3
BS58-X08	3
BS58-X09	3
BS58-TX01	1
BS58-TX03	3
BS58-TCP01	3
BS58-TCP02	3
BS58-TCP03	3
BS58-TCP04	3
BS58-TCP06	1
BS58-TCP07	3
BS58-TCP08	3
BS59-001	5
BS59-002	5
BS59-003	3
BS59-004	3
BS59-005	1
BS59-006	6
BS59-007	3
BS59-009	6
BS59-010	5
BS59-011	6
BS59-012	3
BS59-013	8
BS59-014	1
BS59-015	4
BS59-016	1
BS59-017	3
BS59-018	5
BS59-019	3
BS59-020	3
BS59-021	4
BS59-022	8
BS59-023	5
BS59-024	3
BS59-025	4
BS59-026	5
BS59-027	3
BS59-028	3
BS59-029	4
BS59-030	5
BS59-031	3
BS59-032	5
BS59-033	3
BS59-034	1
BS59-035	3
BS59-036	6
BS59-037	4
BS59-038	5
BS59-039	5
BS59-040	4
BS59-041	6
BS59-042	6
BS59-043	8
BS59-044	3
BS59-045	4
BS59-046	3
BS59-047	3
BS59-048	4
BS59-049	4
BS59-050	4
BS59-051	5
BS59-052	5
BS59-053	3
BS59-054	1
BS59-055	8
BS59-056	3
BS59-057	2
BS59-058	3
BS59-059	3
BS59-060	3
BS59-061	5
BS59-062	5
BS59-063	4
BS59-064	6
BS59-065	5
BS59-066	6
BS59-067	3
BS59-068	3
BS59-069	3
BS59-070	3
BS59-071	3
BS59-072	3
BS59-073	3
BS59-074	6
BS59-075	5
BS59-076	3
BS59-077	5
BS59-078	3
BS59-RV001	8
BS59-RV002	1
BS59-RV003	5
BS59-RV004	7
BS59-RV005	5
BS59-RV006	6
BS59-X01	3
BS59-X02	3
BS59-X03	3
BS59-X04	3
BS59-X05	3
BS59-X06	3
BS59-X07	3
BS59-X08	4
BS59-X09	3
BS59-TX01	6
BS59-TX02	3
BS59-TX03	3
BS59-XX01	1
BS59-XX02	1
BS59-CP01	3
BS59-CP02	3
BS59-CP03	3
BS59-CP04	3
BS59-CP05	3
BS59-CP06	3
BS59-CP07	3
BS59-CP08	3
BS59-TCP01	3
BS59-TCP02	3
BS59-TCP03	3
BS60-001	4
BS60-002	4
BS60-003	4
BS60-004	3
BS60-005	3
BS60-006	4
BS60-007	8
BS60-008	8
BS60-009	3
BS60-010	4
BS60-011	3
BS60-012	3
BS60-013	4
BS60-014	9
BS60-015	4
BS60-016	4
BS60-017	3
BS60-018	3
BS60-019	3
BS60-020	8
BS60-021	4
BS60-022	3
BS60-023	3
BS60-024	8
BS60-025	4
BS60-026	4
BS60-027	3
BS60-028	8
BS60-029	9
BS60-030	3
BS60-031	8
BS60-032	3
BS60-033	4
BS60-034	3
BS60-035	4
BS60-036	4
BS60-037	5
BS60-038	4
BS60-039	5
BS60-040	3
BS60-041	3
BS60-042	3
BS60-043	3
BS60-044	4
BS60-045	8
BS60-046	8
BS60-047	3
BS60-048	3
BS60-049	4
BS60-050	4
BS60-051	8
BS60-052	4
BS60-053	3
BS60-054	8
BS60-055	3
BS60-056	3
BS60-057	3
BS60-058	4
BS60-059	4
BS60-060	3
BS60-061	4
BS60-062	3
BS60-063	9
BS60-064	9
BS60-065	3
BS60-066	4
BS60-067	3
BS60-068	8
BS60-069	4
BS60-070	4
BS60-071	3
BS60-072	3
BS60-073	4
BS60-074	8
BS60-075	4
BS60-076	8
BS60-077	8
BS60-078	3
BS60-079	9
BS60-080	4
BS60-081	4
BS60-082	4
BS60-083	8
BS60-084	4
BS60-085	4
BS60-086	3
BS60-087	8
BS60-088	3
BS60-089	3
BS60-090	4
BS60-091	4
BS60-092	4
BS60-093	11
BS60-094	9
BS60-095	8
BS60-096	3
BS60-097	4
BS60-098	3
BS60-CX01	3
BS60-CX02	3
BS60-CX03	3
BS60-CX04	6
BS60-CX05	3
BS60-CX06	3
BS60-X01	3
BS60-X02	3
BS60-X03	3
BS60-X04	3
BS60-X05	3
BS60-X06	3
BS60-X07	3
BS60-X08	3
BS60-X09	3
BS60-XX01	3
BS60-XX02	3
BS60-CP01	3
BS60-CP02	3
BS60-CP03	3
BS61-001	7
BS61-002	3
BS61-003	5
BS61-004	5
BS61-005	3
BS61-006	3
BS61-007	3
BS61-008	8
BS61-009	4
BS61-010	8
BS61-011	3
BS61-012	3
BS61-013	6
BS61-014	6
BS61-015	3
BS61-016	3
BS61-017	3
BS61-018	7
BS61-019	7
BS61-020	7
BS61-021	8
BS61-022	5
BS61-023	5
BS61-024	8
BS61-025	4
BS61-026	4
BS61-027	3
BS61-028	5
BS61-029	3
BS61-030	3
BS61-031	3
BS61-032	7
BS61-033	3
BS61-034	5
BS61-035	6
BS61-036	6
BS61-037	6
BS61-038	6
BS61-039	3
BS61-040	3
BS61-041	3
BS61-042	6
BS61-043	3
BS61-044	6
BS61-045	5
BS61-046	5
BS61-047	3
BS61-048	7
BS61-049	5
BS61-050	3
BS61-051	3
BS61-052	3
BS61-053	5
BS61-054	3
BS61-055	8
BS61-056	6
BS61-057	3
BS61-058	3
BS61-059	3
BS61-060	3
BS61-061	3
BS61-062	6
BS61-063	6
BS61-064	8
BS61-065	6
BS61-066	5
BS61-067	3
BS61-068	5
BS61-069	6
BS61-070	6
BS61-071	6
BS61-072	6
BS61-073	3
BS61-074	6
BS61-075	6
BS61-CX01	3
BS61-CX02	3
BS61-X01	3
BS61-X02	3
BS61-X03	3
BS61-X04	3
BS61-X05	3
BS61-X06	4
BS61-X07	3
BS61-X08	3
BS61-X09	3
BS61-XX01	1
BS61-XX02	1
BS61-CP01	3
BS61-CP02	3
BS61-CP03	3
BS61-CP04	3
BS61-CP05	3
BS61-CP06	3
BS62-001	8
BS62-002	7
BS62-003	6
BS62-004	6
BS62-005	5
BS62-006	5
BS62-007	6
BS62-008	3
BS62-009	3
BS62-010	3
BS62-011	5
BS62-012	3
BS62-013	3
BS62-014	6
BS62-015	6
BS62-016	6
BS62-017	6
BS62-018	7
BS62-019	3
BS62-020	4
BS62-021	5
BS62-022	3
BS62-023	3
BS62-024	5
BS62-025	3
BS62-026	5
BS62-027	3
BS62-028	3
BS62-029	7
BS62-030	6
BS62-031	6
BS62-032	3
BS62-033	3
BS62-034	3
BS62-035	5
BS62-036	3
BS62-037	6
BS62-038	8
BS62-039	5
BS62-040	3
BS62-041	3
BS62-042	6
BS62-043	3
BS62-044	3
BS62-045	6
BS62-046	4
BS62-047	3
BS62-048	6
BS62-049	3
BS62-050	3
BS62-051	3
BS62-052	6
BS62-053	6
BS62-054	8
BS62-055	6
BS62-056	8
BS62-057	5
BS62-058	7
BS62-059	3
BS62-060	3
BS62-061	3
BS62-062	6
BS62-063	3
BS62-064	7
BS62-065	6
BS62-066	6
BS62-067	8
BS62-068	6
BS62-069	5
BS62-070	5
BS62-071	5
BS62-072	3
BS62-073	3
BS62-074	5
BS62-075	6
BS62-CX01	3
BS62-CX02	3
BS62-X01	3
BS62-X02	3
BS62-X03	3
BS62-X04	3
BS62-X05	3
BS62-X06	3
BS62-X07	3
BS62-X08	3
BS62-X09	3
BS62-XX01	1
BS62-XX02	1
BS62-CP01	3
BS62-CP02	3
BS62-CP03	3
BS62-CP04	3
BS62-CP05	3
BS62-CP06	3
BS63-001	1
BS63-002	5
BS63-003	4
BS63-004	4
BS63-005	4
BS63-006	2
BS63-007	3
BS63-008	4
BS63-009	5
BS63-010	1
BS63-011	1
BS63-012	2
BS63-013	4
BS63-014	5
BS63-015	5
BS63-016	5
BS63-017	5
BS63-018	2
BS63-019	5
BS63-020	4
BS63-021	4
BS63-022	4
BS63-023	5
BS63-024	4
BS63-026	2
BS63-028	2
BS63-029	4
BS63-030	5
BS63-031	2
BS63-032	4
BS63-033	4
BS63-034	5
BS63-035	1
BS63-036	2
BS63-037	5
BS63-038	1
BS63-039	4
BS63-040	4
BS63-041	5
BS63-042	5
BS63-043	4
BS63-044	4
BS63-045	5
BS63-047	5
BS63-048	4
BS63-049	4
BS63-050	5
BS63-052	1
BS63-053	5
BS63-054	1
BS63-055	1
BS63-056	4
BS63-057	3
BS63-058	5
BS63-060	5
BS63-061	4
BS63-062	2
BS63-063	2
BS63-064	5
BS63-065	2
BS63-066	5
BS63-067	2
BS63-068	5
BS63-069	5
BS63-070	4
BS63-071	4
BS63-072	2
BS63-073	5
BS63-074	1
BS63-075	2
BS63-076	5
BS63-077	4
BS63-078	4
BS63-079	6
BS63-080	4
BS63-081	5
BS63-082	4
BS63-083	5
BS63-084	1
BS63-085	4
BS63-086	5
BS63-087	6
BS63-088	1
BS63-089	4
BS63-090	1
BS63-CX01	2
BS63-X01	1
BS63-X05	2
BS63-X06	1
BS63-X07	3
BS63-X08	2
BS63-XX02	1
BS63-CP01	2
BS63-CP08	1
BS63-CP09	1
BS63-CP10	1
BS63-CP11	1
BS64-063	3
BS64-067	3
BS64-070	3
BS65-025	2
BS65-062	3
BS65-063	3
BS65-065	3
BS66-040	1
BS67-X09	1
BS69-051	1
BS69-X08	1
BS72-045	1
BS73-044	1
BS73-047	1
BS73-052	1
BS73-080	1
BS73-CX02	3
BS74-052	1
BS76-045	1
SD01-001	1
SD01-008	2
SD01-029	2
SD01-030	1
SD01-032	1
SD01-033	2
SD01-034	5
SD01-039	28
SD02-003	1
SD02-005	2
SD02-017	27
SD03-001	6
SD03-002	1
SD03-006	7
SD03-007	2
SD03-009	3
SD03-010	3
SD03-011	3
SD03-012	1
SD03-013	1
SD03-014	6
SD03-015	2
SD03-016	4
SD06-001	1
SD06-003	6
SD06-004	1
SD06-005	1
SD06-007	4
SD06-009	3
SD06-010	3
SD06-011	11
SD06-012	1
SD06-013	38
SD06-014	3
SD06-015	3
SD06-016	75
SD06-017	2
SD10-001	4
SD10-002	3
SD10-003	3
SD10-004	4
SD10-005	3
SD10-006	6
SD10-007	2
SD10-008	3
SD10-009	2
SD10-010	1
SD10-011	3
SD10-012	3
SD10-013	1
SD10-014	2
SD10-015	2
SD10-016	3
SD10-X01	1
SD10-X02	1
SD11-001	2
SD11-010	2
SD11-011	1
SD11-014	1
SD11-015	1
SD11-016	1
SD11-X01	1
SD11-X02	1
SD13-001	3
SD13-002	4
SD13-003	3
SD13-004	2
SD13-005	1
SD13-006	1
SD13-007	3
SD13-008	3
SD13-X01	1
SD14-001	1
SD15-001	3
SD15-002	3
SD15-003	4
SD15-004	1
SD15-005	2
SD15-006	3
SD15-007	3
SD15-008	2
SD15-X01	1
SD16-001	3
SD16-002	3
SD16-003	4
SD16-004	3
SD16-005	1
SD16-006	1
SD16-007	3
SD16-008	2
SD16-X01	1
SD17-001	4
SD17-002	3
SD17-003	2
SD17-004	4
SD17-005	2
SD17-006	2
SD17-007	3
SD17-008	2
SD17-009	1
SD17-010	3
SD17-011	3
SD17-012	2
SD17-013	3
SD17-014	3
SD17-015	1
SD17-016	3
SD17-X01	1
SD17-X02	1
SD19-001	3
SD19-002	1
SD19-003	3
SD19-004	3
SD19-005	3
SD19-007	3
SD19-012	1
SD19-013	7
SD19-014	1
SD19-015	3
SD19-016	1
SD19-X01	1
SD20-001	1
SD20-002	1
SD20-005	1
SD20-007	1
SD20-012	1
SD20-013	1
SD20-014	1
SD23-001	3
SD23-002	3
SD23-003	3
SD23-004	3
SD23-005	3
SD23-006	3
SD23-007	2
SD23-008	3
SD23-009	2
SD23-010	2
SD23-011	2
SD23-012	3
SD23-013	8
SD23-014	3
SD23-015	2
SD23-016	2
SD23-X01	1
SD24-007	3
SD24-012	8
SD24-013	20
SD24-X01	1
SD25-001	3
SD25-002	2
SD25-003	2
SD25-004	1
SD25-005	2
SD25-006	1
SD25-007	2
SD25-X01	2
SD25-X02	3
SD26-001	3
SD26-002	3
SD26-003	2
SD26-004	3
SD26-005	2
SD26-006	3
SD26-007	3
SD26-008	1
SD26-009	3
SD26-010	3
SD26-011	2
SD26-012	4
SD26-013	5
SD26-014	3
SD26-015	1
SD26-X01	1
SD26-X02	1
SD27-001	3
SD27-002	9
SD27-003	3
SD27-004	2
SD27-005	3
SD27-006	4
SD27-X01	2
SD27-X02	2
SD28-001	3
SD28-002	3
SD28-003	3
SD28-004	2
SD28-005	3
SD28-006	2
SD28-007	3
SD28-008	3
SD28-009	2
SD28-010	3
SD28-011	3
SD28-012	2
SD28-013	3
SD28-014	3
SD28-015	1
SD28-X01	1
SD28-X02	3
SD29-001	4
SD29-002	3
SD29-003	3
SD29-004	6
SD29-005	3
SD29-006	3
SD29-007	3
SD29-008	2
SD29-009	2
SD29-010	2
SD29-011	2
SD29-012	2
SD29-013	2
SD29-014	4
SD29-015	1
SD29-X01	1
SD29-CP01	2
SD29-CP02	3
SD30-001	3
SD30-002	3
SD30-X01	1
SD31-001	3
SD31-002	2
SD31-003	3
SD31-004	3
SD31-005	2
SD31-006	3
SD31-007	4
SD31-008	3
SD31-009	3
SD31-010	5
SD31-011	2
SD31-012	22
SD31-013	3
SD31-014	2
SD31-015	1
SD31-X01	1
SD32-001	9
SD32-002	10
SD32-003	2
SD32-004	1
SD32-005	2
SD32-006	2
SD32-007	3
SD32-X01	1
SD32-X02	6
SD33-001	8
SD33-002	3
SD33-003	6
SD33-004	4
SD33-005	3
SD33-006	3
SD33-007	2
SD33-008	3
SD33-009	3
SD33-010	3
SD33-011	3
SD33-012	2
SD33-013	2
SD33-014	15
SD33-X01	4
SD34-001	5
SD34-002	3
SD34-003	3
SD34-004	3
SD34-005	3
SD34-006	2
SD34-007	2
SD34-008	2
SD34-009	2
SD34-010	3
SD34-011	3
SD34-012	3
SD34-013	2
SD34-014	2
SD34-X01	2
SD35-001	3
SD35-002	2
SD35-003	3
SD35-004	3
SD35-005	2
SD35-006	5
SD35-007	3
SD35-008	2
SD35-009	4
SD35-010	3
SD35-011	3
SD35-012	3
SD35-013	2
SD35-014	3
SD35-015	3
SD35-X01	4
SD36-001	9
SD36-002	9
SD36-003	4
SD36-004	7
SD36-005	3
SD36-006	2
SD36-X01	3
SD36-X02	2
SD36-X03	4
SD37-001	4
SD37-002	3
SD37-003	3
SD37-004	4
SD37-005	4
SD37-006	3
SD37-007	4
SD37-008	3
SD37-009	2
SD37-010	2
SD37-011	2
SD37-012	7
SD37-013	3
SD37-014	2
SD37-X01	2
SD38-001	3
SD38-002	3
SD38-003	2
SD38-004	3
SD38-005	3
SD38-006	2
SD38-007	2
SD38-008	3
SD38-009	5
SD38-010	2
SD38-011	3
SD38-012	3
SD38-013	2
SD38-014	3
SD38-X01	3
SD39-001	3
SD39-002	3
SD39-003	3
SD39-004	2
SD39-005	10
SD39-006	2
SD39-007	3
SD39-008	2
SD39-009	2
SD39-010	3
SD39-011	4
SD39-012	11
SD39-013	3
SD39-014	3
SD39-X01	2
SD40-001	2
SD40-002	2
SD40-003	2
SD40-004	8
SD40-005	2
SD40-006	2
SD40-007	2
SD40-008	2
SD40-X01	2
SD40-X02	3
SD40-X03	3
SD41-001	3
SD41-002	2
SD41-003	3
SD41-004	2
SD41-005	2
SD41-006	6
SD41-007	3
SD41-008	2
SD41-X01	3
SD41-X02	2
SD41-RVX01	9
SD42-001	3
SD42-002	3
SD42-003	3
SD42-004	3
SD42-005	2
SD42-006	3
SD42-007	3
SD42-008	4
SD42-009	2
SD42-010	2
SD42-011	2
SD42-012	4
SD42-013	2
SD42-014	2
SD42-015	2
SD42-X01	4
SD42-CP01	5
SD42-CP02	1
SD42-CP03	1
SD42-CP04	1
SD42-CP05	1
SD42-CP06	1
SD42-CP07	1
SD42-CP08	3
SD42-CP09	1
SD42-CP10	1
SD43-001	3
SD43-002	3
SD43-003	3
SD43-004	3
SD43-005	2
SD43-006	2
SD43-007	2
SD43-008	2
SD43-009	4
SD43-010	2
SD43-RV001	2
SD43-RV002	2
SD43-RV003	2
SD43-RV004	2
SD43-X01	4
SD43-X02	3
SD43-CP01	2
SD43-CP02	3
SD44-001	2
SD44-002	3
SD44-003	2
SD44-004	3
SD44-005	2
SD44-006	2
SD44-007	2
SD44-008	2
SD44-009	2
SD44-010	3
SD44-RV001	3
SD44-RV002	3
SD44-RV003	3
SD44-RV004	4
SD44-X01	2
SD44-X02	2
SD44-CP01	2
SD44-CP02	2
SD45-001	3
SD45-002	3
SD45-003	3
SD45-004	2
SD45-005	2
SD45-006	2
SD45-007	3
SD45-008	3
SD45-009	3
SD45-010	2
SD45-011	2
SD45-012	2
SD45-013	3
SD45-014	2
SD45-X01	2
SD45-CP01	1
SD45-CP02	1
SD45-CP03	1
SD45-CP04	1
SD45-CP05	1
SD45-CP06	1
SD46-001	3
SD46-002	2
SD46-003	2
SD46-004	2
SD46-005	2
SD46-006	6
SD46-007	5
SD46-X01	2
SD46-X02	2
SD46-X03	2
SD46-CP01	3
SD47-001	6
SD47-002	4
SD47-003	4
SD47-004	4
SD47-005	7
SD47-006	8
SD47-007	4
SD47-X01	4
SD47-X02	4
SD47-X03	4
SD47-CP01	4
SD48-001	6
SD48-002	6
SD48-003	4
SD48-004	4
SD48-005	4
SD48-006	4
SD48-007	4
SD48-008	4
SD48-009	4
SD48-010	4
SD48-011	6
SD48-012	4
SD48-013	6
SD48-014	4
SD48-X01	4
SD48-X02	12
SD48-X03	4
SD49-001	8
SD49-002	7
SD49-003	9
SD49-004	6
SD49-005	6
SD49-006	9
SD49-007	10
SD49-X01	8
SD49-X02	11
SD49-X03	7
SD49-X04	12
SD49-CP01	11
SD50-001	6
SD50-002	7
SD50-003	6
SD50-004	10
SD50-005	6
SD50-006	10
SD50-007	6
SD50-008	10
SD50-009	6
SD50-010	7
SD50-011	6
SD50-012	6
SD50-013	10
SD50-014	6
SD50-X01	7
SD50-X02	7
SD50-CP01	4
SD50-CP02	4
SD50-CP03	10
SD50-CP04	4
SD50-CP05	4
SD51-001	6
SD51-002	4
SD51-003	4
SD51-004	4
SD51-005	6
SD51-006	4
SD51-007	4
SD51-008	4
SD51-009	9
SD51-010	4
SD51-X01	4
SD51-X02	5
SD51-X03	7
SD51-CP01	4
SD52-001	6
SD52-002	6
SD52-003	4
SD52-004	6
SD52-005	4
SD52-006	4
SD52-007	4
SD52-008	4
SD52-009	4
SD52-010	4
SD52-011	4
SD52-012	4
SD52-013	4
SD52-014	6
SD52-015	4
SD52-016	4
SD52-X01	4
SD52-X02	4
SD53-001	6
SD53-002	6
SD53-003	4
SD53-004	4
SD53-005	4
SD53-006	4
SD53-007	4
SD53-008	4
SD53-009	7
SD53-010	4
SD53-011	4
SD53-012	4
SD53-013	4
SD53-014	6
SD53-015	4
SD53-016	4
SD53-X01	4
SD53-X02	4
SD54-001	6
SD54-002	6
SD54-003	6
SD54-004	6
SD54-005	4
SD54-006	4
SD54-007	4
SD54-008	4
SD54-009	4
SD54-010	5
SD54-011	4
SD54-012	4
SD54-013	4
SD54-014	4
SD54-015	4
SD54-016	4
SD54-X01	4
SD54-X02	4
SD55-001	6
SD55-002	6
SD55-003	6
SD55-004	6
SD55-005	6
SD55-006	4
SD55-007	6
SD55-008	4
SD55-009	6
SD55-010	4
SD55-011	4
SD55-012	4
SD55-013	6
SD55-TX01	4
SD55-X01	4
SD56-001	4
SD56-002	4
SD56-003	4
SD56-RV001	6
SD56-RV002	4
SD56-RV003	4
SD56-RV004	4
SD56-RV005	4
SD56-RV006	4
SD56-RV007	4
SD56-RV008	4
SD56-RV009	31
SD56-RV010	4
SD56-TX01	4
SD56-X01	4
SD56-X02	4
SD56-CP01	4
SD57-001	8
SD57-002	4
SD57-003	6
SD57-004	4
SD57-005	4
SD57-006	4
SD57-RV001	4
SD57-RV002	4
SD57-RV003	4
SD57-RV004	4
SD57-RV005	4
SD57-TX01	4
SD57-X01	4
SD57-X02	4
SD57-CP01	6
SD58-001	4
SD58-002	4
SD58-003	6
SD58-004	6
SD58-005	4
SD58-006	4
SD58-007	4
SD58-008	4
SD58-009	4
SD58-010	4
SD58-011	4
SD58-012	4
SD58-013	4
SD58-014	4
SD58-015	4
SD58-X01	5
SD58-X02	4
SD58-X03	4
SD58-CP01	4
SD59-001	4
SD59-002	4
SD59-003	4
SD59-004	4
SD59-005	6
SD59-006	6
SD59-007	6
SD59-RV001	4
SD59-RV002	6
SD59-RV003	6
SD59-RV004	4
SD59-RV005	6
SD59-X01	4
SD59-TX01	4
SD59-CP01	4
SD60-001	9
SD60-002	12
SD60-003	6
SD60-004	9
SD60-005	9
SD60-006	6
SD60-007	6
SD60-008	9
SD60-009	6
SD60-010	9
SD60-RV001	9
SD60-RV002	9
SD60-RV003	9
SD60-X01	6
SD60-TX01	10
SD60-CP01	6
SD61-001	9
SD61-002	11
SD61-003	9
SD61-004	9
SD61-005	6
SD61-006	9
SD61-007	6
SD61-008	6
SD61-009	9
SD61-010	6
SD61-RV001	15
SD61-RV002	6
SD61-X01	6
SD61-TX01	7
SD61-CP01	6
SD62-001	4
SD62-002	6
SD62-003	4
SD62-004	6
SD62-005	6
SD62-006	4
SD62-007	4
SD62-008	4
SD62-009	4
SD62-010	4
SD62-011	4
SD62-012	5
SD62-013	5
SD62-014	6
SD62-015	4
SD62-016	4
SD62-X01	4
SD62-TX01	4
SD62-CP01	4
SD63-001	9
SD63-002	6
SD63-003	9
SD63-004	6
SD63-RV001	6
SD63-X01	6
SD63-TX01	6
SD63-CP01	6
SD63-TCP01	9
SD63-TCP02	6
SD64-001	4
SD64-002	4
SD64-003	4
SD64-RV001	6
SD64-RV002	6
SD64-RV003	6
SD64-RV004	6
SD64-RV005	6
SD64-RV006	4
SD64-RV007	6
SD64-RV008	6
SD64-RV009	4
SD64-RV010	6
SD64-CX01	5
SD64-X01	4
SD64-CP01	4
26RSD01-001	6
26RSD01-002	6
26RSD01-003	4
26RSD01-004	6
26RSD01-005	6
26RSD01-006	4
26RSD01-007	4
26RSD01-008	4
26RSD01-009	4
26RSD01-010	6
26RSD01-011	6
26RSD01-012	6
26RSD01-013	6
26RSD01-014	4
26RSD01-X01	4
26RSD01-X02	4
26RSD02-001	6
26RSD02-002	6
26RSD02-003	6
26RSD02-004	4
26RSD02-005	6
26RSD02-006	4
26RSD02-007	4
26RSD02-008	6
26RSD02-009	6
26RSD02-010	6
26RSD02-011	6
26RSD02-012	4
26RSD02-013	4
26RSD02-014	4
26RSD02-X01	4
26RSD02-X02	4
26RSD03-001	4
26RSD03-002	6
26RSD03-003	4
26RSD03-004	6
26RSD03-005	6
26RSD03-006	4
26RSD03-007	4
26RSD03-008	6
26RSD03-009	4
26RSD03-010	6
26RSD03-011	6
26RSD03-012	6
26RSD03-013	6
26RSD03-014	4
26RSD03-X01	4
26RSD03-X02	4
26RSD04-001	6
26RSD04-002	6
26RSD04-003	6
26RSD04-004	4
26RSD04-005	6
26RSD04-006	4
26RSD04-007	4
26RSD04-008	4
26RSD04-009	6
26RSD04-010	6
26RSD04-011	4
26RSD04-012	6
26RSD04-013	6
26RSD04-014	4
26RSD04-X01	4
26RSD04-X02	4
26RSD05-001	6
26RSD05-002	6
26RSD05-003	4
26RSD05-004	6
26RSD05-005	6
26RSD05-006	4
26RSD05-007	4
26RSD05-008	4
26RSD05-009	6
26RSD05-010	6
26RSD05-011	6
26RSD05-012	6
26RSD05-013	4
26RSD05-014	4
26RSD05-X01	4
26RSD05-X02	4
26RSD07-001	4
26RSD07-002	4
26RSD07-003	7
26RSD07-004	7
26RSD07-005	6
26RSD07-006	6
26RSD07-007	6
26RSD07-008	6
26RSD07-009	4
26RSD07-010	4
26RSD07-011	4
26RSD07-012	6
26RSD07-013	4
26RSD07-014	6
26RSD07-X01	4
26RSD07-X02	4
BSC05-001	4
BSC05-004	3
BSC05-005	1
BSC05-007	2
BSC05-010	2
BSC05-014	5
BSC05-015	9
BSC05-017	3
BSC05-020	7
BSC05-023	4
BSC15-004	1
BSC15-005	1
BSC15-006	2
BSC15-007	1
BSC15-008	1
BSC15-009	1
BSC15-010	2
BSC15-012	2
BSC15-014	1
BSC15-015	2
BSC15-X01	1
BSC16-001	4
BSC16-002	8
BSC16-003	12
BSC16-004	2
BSC16-005	3
BSC16-006	1
BSC16-007	8
BSC16-008	4
BSC16-009	5
BSC16-010	9
BSC16-011	4
BSC16-012	10
BSC16-013	3
BSC16-014	6
BSC16-015	2
BSC16-016	12
BSC16-017	3
BSC16-018	7
BSC16-019	4
BSC16-020	3
BSC16-021	2
BSC16-022	6
BSC16-023	6
BSC16-024	6
BSC16-025	3
BSC16-026	3
BSC16-027	1
BSC16-028	2
BSC16-029	2
BSC16-030	10
BSC16-031	7
BSC16-032	3
BSC16-033	8
BSC16-034	4
BSC16-035	9
BSC16-036	9
BSC16-037	9
BSC16-038	4
BSC16-039	6
BSC16-X01	3
BSC16-X02	2
BSC16-X03	3
BSC17-001	1
BSC17-003	1
BSC17-005	2
BSC17-006	1
BSC17-007	2
BSC17-011	1
BSC17-012	1
BSC17-X04	1
BSC18-001	5
BSC18-002	7
BSC18-003	11
BSC18-004	14
BSC18-005	1
BSC18-006	6
BSC18-007	11
BSC18-008	7
BSC18-009	8
BSC18-010	10
BSC18-011	5
BSC18-012	12
BSC18-013	2
BSC18-014	13
BSC18-015	7
BSC18-016	13
BSC18-017	13
BSC18-018	19
BSC18-019	11
BSC18-020	12
BSC18-021	1
BSC18-022	4
BSC18-023	6
BSC18-024	14
BSC18-025	6
BSC18-026	8
BSC18-027	1
BSC18-028	10
BSC18-029	6
BSC18-030	11
BSC18-031	12
BSC18-032	7
BSC18-033	3
BSC18-034	5
BSC18-035	1
BSC18-036	10
BSC18-037	3
BSC18-038	11
BSC18-039	9
BSC18-040	11
BSC18-041	12
BSC18-042	13
BSC18-043	19
BSC18-044	9
BSC18-045	5
BSC18-X01	1
BSC18-X02	3
BSC18-X03	1
BSC19-001	18
BSC19-002	1
BSC19-003	5
BSC19-004	1
BSC19-005	11
BSC19-006	6
BSC19-007	5
BSC19-008	3
BSC19-009	3
BSC19-010	3
BSC19-011	6
BSC19-012	3
BSC19-013	1
BSC19-014	1
BSC19-015	1
BSC19-016	1
BSC19-017	5
BSC19-018	5
BSC19-019	6
BSC19-020	5
BSC19-021	2
BSC19-022	1
BSC19-023	3
BSC19-024	1
BSC19-025	2
BSC19-026	6
BSC19-027	2
BSC19-028	6
BSC19-029	6
BSC19-030	5
BSC19-031	2
BSC19-032	5
BSC19-033	3
BSC19-034	1
BSC19-035	1
BSC19-036	3
BSC19-037	1
BSC19-038	1
BSC19-039	6
BSC19-040	9
BSC19-041	2
BSC19-042	3
BSC19-043	6
BSC19-044	3
BSC19-045	7
BSC19-046	3
BSC19-047	3
BSC19-048	1
BSC19-049	3
BSC19-050	3
BSC19-051	1
BSC19-052	1
BSC19-X01	1
BSC19-X02	1
BSC19-X03	3
BSC19-X04	1
BSC19-X05	1
BSC20-001	3
BSC20-002	1
BSC20-003	1
BSC20-007	1
BSC20-008	2
BSC20-009	2
BSC20-010	4
BSC20-012	3
BSC20-014	1
BSC20-015	1
BSC20-017	1
BSC20-020	1
BSC20-021	1
BSC20-X03	1
BSC21-002	1
BSC21-005	2
BSC21-006	1
BSC21-007	2
BSC21-008	1
BSC21-009	4
BSC21-010	1
BSC21-011	1
BSC21-012	4
BSC21-X02	1
BSC21-X03	1
BSC21-X04	2
BSC22-002	1
BSC22-003	1
BSC22-004	1
BSC22-006	1
BSC22-009	2
BSC22-011	1
BSC22-014	3
BSC22-017	1
BSC22-018	1
BSC22-019	2
BSC22-021	1
BSC22-024	3
BSC22-025	2
BSC22-026	1
BSC22-027	1
BSC22-028	2
BSC22-030	1
BSC22-032	2
BSC22-035	1
BSC22-037	1
BSC22-038	1
BSC22-039	1
BSC22-040	2
BSC22-043	1
BSC22-044	1
BSC22-047	1
BSC22-048	1
BSC22-049	2
BSC22-052	1
BSC22-054	1
BSC22-056	1
BSC22-058	1
BSC22-061	5
BSC22-062	3
BSC22-063	2
BSC22-064	2
BSC22-065	1
BSC22-066	1
BSC22-067	1
BSC22-068	1
BSC22-069	1
BSC22-070	1
BSC22-073	2
BSC22-075	1
BSC22-077	1
BSC22-080	2
BSC22-081	1
BSC22-083	1
BSC22-089	2
BSC22-090	1
BSC22-091	1
BSC22-092	1
BSC22-093	1
BSC22-096	3
BSC22-098	1
BSC22-099	6
BSC22-101	1
BSC22-105	7
BSC22-108	1
BSC22-109	1
BSC22-111	1
BSC22-113	1
BSC22-114	6
BSC22-117	3
BSC22-118	2
BSC22-119	1
BSC22-123	1
BSC22-124	3
BSC22-127	1
BSC22-129	1
BSC22-130	1
BSC22-131	1
BSC22-133	2
BSC22-138	1
BSC22-139	1
BSC22-143	1
BSC22-144	3
BSC22-146	2
BSC22-X01	3
BSC22-X02	1
BSC22-X03	4
BSC23-001	10
BSC23-002	6
BSC23-003	1
BSC23-004	6
BSC23-005	3
BSC23-006	5
BSC23-007	6
BSC23-008	5
BSC23-009	3
BSC23-010	8
BSC23-011	5
BSC23-012	5
BSC23-013	3
BSC23-014	1
BSC23-015	5
BSC23-016	1
BSC23-017	1
BSC23-018	6
BSC23-019	3
BSC23-020	6
BSC23-021	3
BSC23-022	6
BSC23-023	1
BSC23-024	1
BSC23-025	2
BSC23-026	3
BSC23-027	1
BSC23-028	7
BSC23-029	2
BSC23-030	8
BSC23-031	2
BSC23-032	8
BSC23-033	2
BSC23-034	3
BSC23-035	6
BSC23-036	7
BSC23-037	1
BSC23-038	7
BSC23-039	1
BSC23-040	11
BSC23-041	2
BSC23-042	4
BSC23-043	8
BSC23-044	9
BSC23-045	3
BSC23-046	8
BSC23-047	11
BSC23-048	8
BSC23-049	6
BSC23-050	3
BSC23-051	40
BSC23-052	2
BSC23-X01	2
BSC23-X02	3
BSC23-X03	1
BSC23-X04	3
BSC23-X05	1
BSC23-CP01	1
BSC23-CP02	5
BSC23-CP03	1
BSC24-001	6
BSC24-002	5
BSC24-003	6
BSC24-004	2
BSC24-005	1
BSC24-006	3
BSC24-007	3
BSC24-008	1
BSC24-009	1
BSC24-010	1
BSC24-011	6
BSC24-012	1
BSC24-013	6
BSC24-014	6
BSC24-015	4
BSC24-016	1
BSC24-017	6
BSC24-018	6
BSC24-019	5
BSC24-020	3
BSC24-021	1
BSC24-022	3
BSC24-023	1
BSC24-024	6
BSC24-025	6
BSC24-026	5
BSC24-027	3
BSC24-028	1
BSC24-029	3
BSC24-030	1
BSC24-031	1
BSC24-032	1
BSC24-033	3
BSC24-034	5
BSC24-035	6
BSC24-036	5
BSC24-037	1
BSC24-038	1
BSC24-039	1
BSC24-040	1
BSC24-041	2
BSC24-042	3
BSC24-043	3
BSC24-044	5
BSC24-045	1
BSC24-046	4
BSC24-047	4
BSC24-048	6
BSC24-049	1
BSC24-050	3
BSC24-051	3
BSC24-052	3
BSC24-X01	3
BSC24-X02	1
BSC24-X03	1
BSC24-X04	1
BSC24-X05	1
BSC25-001	8
BSC25-002	2
BSC25-004	2
BSC25-005	1
BSC25-006	1
BSC25-007	2
BSC25-011	3
BSC25-012	4
BSC25-013	1
BSC25-014	1
BSC25-015	1
BSC25-016	1
BSC25-021	1
BSC25-022	3
BSC25-025	1
BSC25-026	2
BSC25-027	2
BSC25-028	2
BSC25-031	1
BSC25-032	3
BSC25-033	3
BSC25-034	3
BSC25-035	1
BSC25-037	1
BSC25-038	1
BSC25-039	1
BSC25-040	4
BSC25-041	3
BSC25-042	3
BSC25-043	3
BSC25-044	3
BSC25-045	1
BSC25-046	3
BSC25-047	1
BSC25-048	1
BSC25-049	3
BSC25-X01	1
BSC25-X04	3
BSC25-X05	1
BSC26-001	5
BSC26-002	4
BSC26-003	4
BSC26-004	8
BSC26-005	4
BSC26-006	10
BSC26-007	8
BSC26-008	4
BSC26-009	4
BSC26-010	2
BSC26-011	4
BSC26-012	2
BSC26-013	4
BSC26-014	1
BSC26-015	2
BSC26-016	1
BSC26-017	1
BSC26-018	3
BSC26-019	1
BSC26-020	4
BSC26-021	4
BSC26-022	4
BSC26-023	5
BSC26-024	4
BSC26-025	4
BSC26-026	4
BSC26-027	1
BSC26-028	5
BSC26-029	1
BSC26-030	1
BSC26-031	3
BSC26-032	4
BSC26-033	5
BSC26-034	4
BSC26-035	5
BSC26-036	4
BSC26-037	1
BSC26-038	4
BSC26-039	2
BSC26-040	1
BSC26-041	1
BSC26-042	1
BSC26-043	4
BSC26-044	4
BSC26-045	3
BSC26-046	5
BSC26-047	5
BSC26-048	4
BSC26-049	5
BSC26-X02	5
BSC26-X03	1
BSC26-X04	1
BSC26-X05	1
BSC28-001	5
BSC28-002	4
BSC28-003	4
BSC28-004	4
BSC28-005	1
BSC28-006	1
BSC28-007	4
BSC28-008	1
BSC28-009	4
BSC28-010	1
BSC28-011	2
BSC28-012	2
BSC28-013	5
BSC28-014	4
BSC28-015	4
BSC28-016	4
BSC28-017	1
BSC28-018	4
BSC28-019	2
BSC28-020	3
BSC28-021	1
BSC28-022	2
BSC28-023	2
BSC28-024	4
BSC28-025	1
BSC28-026	5
BSC28-027	1
BSC28-028	6
BSC28-029	3
BSC28-030	1
BSC28-031	7
BSC28-032	2
BSC28-033	4
BSC28-034	2
BSC28-035	2
BSC28-036	5
BSC28-037	1
BSC28-038	4
BSC28-039	3
BSC28-040	5
BSC28-041	1
BSC28-042	4
BSC28-043	10
BSC28-044	7
BSC28-045	5
BSC28-046	3
BSC28-047	3
BSC28-048	5
BSC28-049	4
BSC28-050	2
BSC28-051	2
BSC28-052	4
BSC28-053	4
BSC28-054	2
BSC28-055	4
BSC28-056	9
BSC28-057	4
BSC28-058	4
BSC28-X01	2
BSC28-X02	1
BSC28-X03	1
BSC28-X04	2
BSC28-X05	1
BSC28-X06	1
BSC28-CP01	1
BSC28-CP02	1
BSC28-CP03	1
BSC29-001	1
BSC29-002	2
BSC29-004	2
BSC29-005	3
BSC29-006	1
BSC29-007	4
BSC29-008	1
BSC29-009	3
BSC29-010	1
BSC29-011	1
BSC29-012	1
BSC29-013	1
BSC29-014	1
BSC29-015	1
BSC29-016	1
BSC29-017	3
BSC29-018	1
BSC29-019	5
BSC29-020	2
BSC29-021	2
BSC29-022	1
BSC29-023	1
BSC29-024	1
BSC29-025	4
BSC29-026	1
BSC29-027	1
BSC29-028	2
BSC29-029	2
BSC29-030	1
BSC30-001	6
BSC30-002	3
BSC30-003	1
BSC30-004	1
BSC30-005	3
BSC30-006	3
BSC30-007	3
BSC30-008	3
BSC30-009	3
BSC30-011	6
BSC30-012	3
BSC30-013	3
BSC30-014	2
BSC30-015	3
BSC30-016	1
BSC30-017	3
BSC30-018	3
BSC30-019	3
BSC30-020	2
BSC30-021	3
BSC30-022	3
BSC30-023	5
BSC30-024	3
BSC30-X01	6
BSC30-X02	1
BSC31-001	4
BSC31-002	3
BSC31-003	4
BSC31-004	4
BSC31-005	2
BSC31-006	3
BSC31-007	5
BSC31-008	4
BSC31-009	4
BSC31-010	1
BSC31-011	1
BSC31-012	1
BSC31-013	4
BSC31-014	9
BSC31-015	5
BSC31-016	4
BSC31-017	7
BSC31-018	6
BSC31-019	5
BSC31-020	3
BSC31-021	2
BSC31-022	1
BSC31-023	1
BSC31-024	3
BSC31-025	2
BSC31-026	1
BSC31-027	3
BSC31-028	7
BSC31-029	3
BSC31-030	5
BSC31-031	6
BSC31-032	5
BSC31-033	6
BSC31-034	4
BSC31-035	1
BSC31-036	3
BSC31-037	3
BSC31-038	1
BSC31-039	4
BSC31-040	4
BSC31-041	4
BSC31-042	1
BSC31-043	3
BSC31-044	3
BSC31-045	4
BSC31-046	4
BSC31-047	2
BSC31-048	1
BSC31-049	9
BSC31-050	5
BSC31-051	5
BSC31-052	4
BSC31-053	1
BSC31-054	7
BSC31-055	3
BSC31-056	3
BSC31-057	8
BSC31-X01	1
BSC31-X02	3
BSC31-X03	4
BSC31-X04	2
BSC31-X05	2
BSC31-X06	1
BSC31-CP01	3
BSC31-CP02	1
BSC31-CP03	1
BSC31-CP04	4
BSC32-001	1
BSC32-002	1
BSC32-004	4
BSC32-005	4
BSC32-006	4
BSC32-010	1
BSC32-011	1
BSC32-012	1
BSC32-013	3
BSC32-014	1
BSC32-015	3
BSC32-016	1
BSC32-017	1
BSC32-018	1
BSC32-019	1
BSC32-020	1
BSC32-021	1
BSC32-022	1
BSC32-023	3
BSC32-024	1
BSC32-025	1
BSC32-026	1
BSC32-027	1
BSC32-028	1
BSC32-029	1
BSC32-030	1
BSC32-031	9
BSC32-032	4
BSC32-033	3
BSC32-034	3
BSC32-035	3
BSC32-036	4
BSC32-037	3
BSC32-038	3
BSC32-039	4
BSC32-040	4
BSC33-001	6
BSC33-002	5
BSC33-003	1
BSC33-004	2
BSC33-005	5
BSC33-006	4
BSC33-007	3
BSC33-008	5
BSC33-009	1
BSC33-010	5
BSC33-011	5
BSC33-012	3
BSC33-013	6
BSC33-014	3
BSC33-015	5
BSC33-016	6
BSC33-017	1
BSC33-018	3
BSC33-019	4
BSC33-020	5
BSC33-021	3
BSC33-022	5
BSC33-023	2
BSC33-024	3
BSC33-025	4
BSC33-026	3
BSC33-027	5
BSC33-028	3
BSC33-029	5
BSC33-030	4
BSC33-031	4
BSC33-032	6
BSC33-033	4
BSC33-034	3
BSC33-035	5
BSC33-036	1
BSC33-037	4
BSC33-038	5
BSC33-039	3
BSC33-040	3
BSC33-041	4
BSC33-042	2
BSC33-043	5
BSC33-044	6
BSC33-045	3
BSC33-046	1
BSC33-047	1
BSC33-048	2
BSC33-049	4
BSC33-050	7
BSC33-051	5
BSC33-052	7
BSC33-053	4
BSC33-054	5
BSC33-055	3
BSC33-056	4
BSC33-RV001	9
BSC33-RV002	4
BSC33-X01	2
BSC33-X02	1
BSC33-X03	2
BSC33-X04	3
BSC33-X05	1
BSC33-X06	1
BSC33-CP01	1
BSC33-CP02	6
BSC34-001	3
BSC34-002	1
BSC34-003	1
BSC34-004	3
BSC34-005	3
BSC34-006	1
BSC34-007	2
BSC34-008	1
BSC34-009	3
BSC34-010	3
BSC34-011	2
BSC34-012	2
BSC34-013	1
BSC34-014	3
BSC34-015	3
BSC34-016	1
BSC34-017	1
BSC34-018	1
BSC34-019	3
BSC34-020	2
BSC34-021	2
BSC34-022	3
BSC34-023	3
BSC34-024	3
BSC34-X01	3
BSC34-X02	4
BSC34-X03	1
BSC34-X04	1
BSC34-X05	3
BSC35-001	3
BSC35-002	4
BSC35-003	3
BSC35-004	3
BSC35-005	5
BSC35-006	3
BSC35-007	1
BSC35-008	5
BSC35-009	2
BSC35-010	1
BSC35-011	2
BSC35-012	1
BSC35-013	5
BSC35-014	1
BSC35-015	4
BSC35-016	4
BSC35-017	4
BSC35-018	4
BSC35-019	4
BSC35-020	3
BSC35-021	5
BSC35-022	3
BSC35-023	3
BSC35-024	4
BSC35-025	4
BSC35-026	5
BSC35-027	4
BSC35-028	4
BSC35-029	4
BSC35-030	4
BSC35-031	6
BSC35-032	3
BSC35-033	4
BSC35-034	4
BSC35-035	3
BSC35-036	7
BSC35-037	5
BSC35-038	4
BSC35-039	4
BSC35-X01	4
BSC35-X02	5
BSC35-X03	3
BSC35-X04	3
BSC35-A001	4
BSC35-A002	4
BSC35-A003	5
BSC35-A004	5
BSC35-A005	6
BSC35-A006	6
BSC35-A007	6
BSC35-A008	9
BSC35-A009	9
BSC35-A010	9
BSC35-A011	3
BSC35-A012	3
BSC35-A013	3
BSC35-A014	3
BSC35-A015	3
BSC35-A016	3
BSC35-A017	5
BSC35-A018	4
BSC35-A019	3
BSC35-XA01	6
BSC35-XA02	6
BSC35-XA03	6
BSC35-XA04	6
BSC35-XXA01	1
BSC37-001	1
BSC37-002	2
BSC37-003	2
BSC37-004	1
BSC37-005	2
BSC37-006	1
BSC37-007	2
BSC37-008	2
BSC37-009	2
BSC37-010	7
BSC37-RV001	6
BSC37-RV002	2
BSC37-RV003	5
BSC37-RV004	4
BSC37-RV005	6
BSC37-RV006	2
BSC37-RV007	6
BSC37-RV008	8
BSC37-RV009	3
BSC37-RV010	5
BSC37-RV011	3
BSC37-RV012	5
BSC37-X01	2
BSC37-X02	2
BSC37-X03	1
BSC37-RVX01	1
BSC37-RVX02	2
BSC37-RVX03	2
BSC37-XX01	1
BSC39-001	6
BSC39-002	10
BSC39-003	7
BSC39-004	8
BSC39-005	3
BSC39-006	8
BSC39-007	3
BSC39-008	3
BSC39-009	3
BSC39-010	3
BSC39-011	8
BSC39-012	10
BSC39-013	10
BSC39-014	8
BSC39-015	3
BSC39-016	3
BSC39-017	3
BSC39-018	3
BSC39-019	3
BSC39-020	3
BSC39-021	3
BSC39-022	3
BSC39-023	3
BSC39-024	3
BSC39-025	9
BSC39-026	4
BSC39-027	3
BSC39-028	4
BSC39-029	3
BSC39-030	7
BSC39-031	3
BSC39-032	6
BSC39-033	8
BSC39-034	3
BSC39-035	3
BSC39-036	10
BSC39-037	8
BSC39-038	9
BSC39-039	8
BSC39-040	8
BSC39-041	3
BSC39-042	3
BSC39-043	11
BSC39-044	3
BSC39-045	3
BSC39-046	7
BSC39-047	8
BSC39-048	8
BSC39-049	3
BSC39-050	7
BSC39-051	7
BSC39-052	10
BSC39-053	7
BSC39-054	3
BSC39-055	4
BSC39-056	8
BSC39-RV001	3
BSC39-RV002	8
BSC39-RV003	6
BSC39-RV004	8
BSC39-X01	3
BSC39-X02	3
BSC39-X03	3
BSC39-X04	4
BSC39-X05	3
BSC39-X06	6
BSC39-XX01	2
BSC39-CP01	3
BSC39-CP02	1
BSC39-CP03	3
BSC40-001	3
BSC40-005	1
BSC40-006	1
BSC40-009	1
BSC40-010	1
BSC40-013	1
BSC40-016	1
BSC40-019	3
BSC40-021	1
BSC40-022	3
BSC40-023	1
BSC40-026	1
BSC40-029	1
BSC40-033	1
BSC40-034	4
BSC40-039	1
BSC40-040	1
BSC40-041	1
BSC40-044	2
BSC40-045	1
BSC40-047	1
BSC40-051	1
BSC40-053	2
BSC40-056	1
BSC40-057	1
BSC40-059	3
BSC40-X01	2
BSC40-X03	1
BSC40-X04	3
BSC40-X05	1
BSC40-X06	3
BSC43-001	3
BSC43-003	4
BSC43-004	3
BSC43-005	1
BSC43-006	4
BSC43-014	1
BSC43-017	4
BSC43-021	1
BSC43-022	3
BSC43-023	1
BSC43-024	4
BSC43-026	5
BSC43-029	3
BSC43-030	1
BSC43-033	1
BSC43-039	2
BSC43-041	1
BSC43-043	3
BSC43-044	3
BSC43-050	3
BSC43-053	1
BSC43-054	1
BSC43-059	3
BSC43-061	4
BSC43-063	3
BSC43-064	3
BSC43-065	5
BSC43-066	3
BSC43-067	1
BSC43-069	3
BSC43-076	1
BSC43-RV004	3
BSC43-RV005	3
BSC43-RV007	1
BSC43-RV009	3
BSC43-CX03	4
BSC43-X01	2
BSC43-X02	3
BSC43-X03	1
BSC43-X05	3
BSC43-X06	3
BSC43-X07	3
BSC43-X09	2
BSC43-CP01	2
BSC43-CP02	3
BSC43-CP03	3
BSC45-064	1
BSC45-069	1
BSC46-003	2
BSC46-004	1
BSC46-006	1
BSC46-007	1
BSC46-008	1
BSC46-009	3
BSC46-011	2
BSC46-013	2
BSC46-017	1
BSC46-018	1
BSC46-020	1
BSC46-021	2
BSC46-022	1
BSC46-023	2
BSC46-025	1
BSC46-026	3
BSC46-027	1
BSC46-028	1
BSC46-030	1
BSC46-031	1
BSC46-032	2
BSC46-042	3
BSC46-043	1
BSC46-045	1
BSC46-046	1
BSC46-RV002	1
BSC46-RV003	1
BSC46-RV006	1
BSC46-RV007	3
BSC46-RV008	1
BSC46-CX02	3
BSC46-CX03	2
BSC46-X04	2
BSC46-X05	1
BSC46-X07	3
BSC49-041	2
BSC49-042	2
BSC49-XV02	1
BSC50-015	1
BSC50-017	2
BSC50-018	1
BSC50-X01	1
BSC50-X02	1
BSC50-XV01	1
BSC50-XV02	1
BSC51-CP04	3
BSC51-CP05	2
CB01-001	3
CB01-002	3
CB01-003	3
CB01-004	3
CB01-005	3
CB01-006	3
CB01-007	3
CB01-008	3
CB01-009	3
CB01-010	3
CB01-011	3
CB01-012	3
CB01-013	2
CB01-014	3
CB01-015	3
CB01-016	3
CB01-017	3
CB01-018	3
CB01-019	3
CB01-020	3
CB01-021	2
CB01-022	3
CB01-023	3
CB01-024	3
CB01-025	3
CB01-026	3
CB01-027	3
CB01-028	3
CB01-029	2
CB01-030	3
CB01-031	1
CB01-032	3
CB01-033	6
CB01-034	3
CB01-035	3
CB01-036	3
CB01-037	3
CB01-038	6
CB01-039	3
CB01-040	3
CB01-041	3
CB01-042	9
CB01-043	3
CB01-044	9
CB01-045	4
CB01-046	2
CB01-047	2
CB01-048	3
CB01-049	3
CB01-050	3
CB01-051	3
CB01-052	3
CB01-053	3
CB01-054	3
CB01-055	3
CB01-056	6
CB01-057	3
CB01-058	3
CB01-059	4
CB01-060	3
CB01-061	9
CB01-062	3
CB01-X01	3
CB01-X02	3
CB01-X03	2
CB01-X04	3
CB01-X05	6
CB01-X06	1
CB02-001	4
CB02-002	2
CB02-003	3
CB02-004	4
CB02-005	4
CB02-006	3
CB02-007	12
CB02-008	8
CB02-009	2
CB02-010	3
CB02-011	1
CB02-012	5
CB02-013	4
CB02-014	2
CB02-015	11
CB02-016	4
CB02-017	2
CB02-018	4
CB02-019	1
CB02-020	4
CB02-021	5
CB02-022	4
CB02-023	3
CB02-024	3
CB02-025	4
CB02-026	3
CB02-027	4
CB02-028	3
CB02-029	3
CB02-030	4
CB02-031	5
CB02-032	4
CB02-033	2
CB02-034	3
CB02-035	2
CB02-036	10
CB02-037	4
CB02-038	4
CB02-039	5
CB02-040	3
CB02-041	4
CB02-042	3
CB02-043	2
CB02-044	4
CB02-045	3
CB02-046	4
CB02-047	2
CB02-048	4
CB02-049	2
CB02-050	4
CB02-051	5
CB02-052	1
CB02-053	3
CB02-054	8
CB02-055	13
CB02-056	4
CB02-057	2
CB02-058	14
CB02-059	2
CB02-060	3
CB02-061	11
CB02-062	4
CB02-063	10
CB02-064	5
CB02-065	5
CB02-066	1
CB02-067	5
CB02-068	4
CB02-069	5
CB02-070	4
CB02-071	5
CB02-X01	2
CB02-X02	1
CB02-X03	1
CB02-X04	3
CB02-X05	2
CB02-X06	1
CB02-X07	3
CB02-X08	2
CB02-XX01	1
CB04-001	10
CB04-002	12
CB04-003	5
CB04-004	8
CB04-005	5
CB04-006	4
CB04-007	4
CB04-008	4
CB04-009	3
CB04-010	9
CB04-011	5
CB04-012	3
CB04-013	14
CB04-014	11
CB04-015	4
CB04-016	8
CB04-017	11
CB04-018	5
CB04-019	9
CB04-020	8
CB04-021	3
CB04-022	4
CB04-023	3
CB04-024	3
CB04-025	3
CB04-026	3
CB04-027	3
CB04-028	7
CB04-029	5
CB04-030	7
CB04-031	3
CB04-032	3
CB04-033	5
CB04-034	8
CB04-035	4
CB04-036	9
CB04-037	10
CB04-038	10
CB04-039	6
CB04-040	8
CB04-041	7
CB04-042	4
CB04-043	5
CB04-044	5
CB04-045	4
CB04-046	5
CB04-047	3
CB04-048	3
CB04-049	3
CB04-050	16
CB04-051	4
CB04-052	3
CB04-053	6
CB04-054	3
CB04-055	3
CB04-056	8
CB04-057	11
CB04-058	6
CB04-059	11
CB04-060	8
CB04-061	7
CB04-062	9
CB04-063	11
CB04-064	5
CB04-065	12
CB04-066	8
CB04-067	8
CB04-068	3
CB04-069	12
CB04-070	13
CB04-071	4
CB04-072	11
CB04-073	12
CB04-074	8
CB04-075	11
CB04-X01	3
CB04-X02	1
CB04-X03	3
CB04-X04	1
CB04-X05	4
CB04-X06	1
CB04-XX01	1
CB05-001	3
CB05-002	3
CB05-003	3
CB05-004	3
CB05-005	3
CB05-006	3
CB05-007	4
CB05-008	3
CB05-009	3
CB05-010	3
CB05-011	3
CB05-012	3
CB05-013	3
CB05-014	3
CB05-015	3
CB05-016	3
CB05-017	3
CB05-018	3
CB05-019	3
CB05-020	3
CB05-021	3
CB05-022	3
CB05-023	3
CB05-024	4
CB05-025	3
CB05-026	4
CB05-027	3
CB05-028	11
CB05-029	3
CB05-030	3
CB05-031	3
CB05-032	3
CB05-033	3
CB05-034	3
CB05-035	3
CB05-036	3
CB05-037	3
CB05-038	3
CB05-039	3
CB05-040	3
CB05-041	3
CB05-042	3
CB05-043	3
CB05-044	3
CB05-045	10
CB05-046	3
CB05-047	5
CB05-048	10
CB05-049	3
CB05-050	3
CB05-051	3
CB05-052	3
CB05-053	10
CB05-054	4
CB05-055	3
CB05-056	8
CB05-057	3
CB05-058	3
CB05-059	9
CB05-X01	3
CB05-X02	1
CB05-X03	1
CB05-X04	3
CB05-X05	1
CB05-X06	3
CB05-XX01	1
CB06-001	4
CB06-002	3
CB06-003	3
CB06-004	3
CB06-005	4
CB06-006	3
CB06-007	3
CB06-008	3
CB06-009	3
CB06-010	3
CB06-011	4
CB06-012	3
CB06-013	3
CB06-014	3
CB06-015	3
CB06-016	3
CB06-017	5
CB06-018	6
CB06-019	3
CB06-020	3
CB06-021	3
CB06-022	3
CB06-023	4
CB06-024	6
CB06-025	3
CB06-026	5
CB06-027	3
CB06-028	3
CB06-029	3
CB06-030	3
CB06-031	6
CB06-032	3
CB06-033	3
CB06-034	3
CB06-035	3
CB06-036	3
CB06-037	3
CB06-038	3
CB06-039	3
CB06-040	3
CB06-041	3
CB06-042	4
CB06-043	1
CB06-044	3
CB06-045	5
CB06-046	3
CB06-047	3
CB06-048	3
CB06-049	3
CB06-050	11
CB06-051	8
CB06-052	8
CB06-053	9
CB06-054	9
CB06-055	5
CB06-056	6
CB06-057	3
CB06-058	3
CB06-059	3
CB06-060	3
CB06-061	6
CB06-062	3
CB06-063	3
CB06-064	6
CB06-065	3
CB06-066	3
CB06-067	3
CB06-068	3
CB06-069	5
CB06-070	3
CB06-071	3
CB06-072	5
CB06-073	5
CB06-074	3
CB06-075	3
CB06-076	3
CB06-077	7
CB06-078	3
CB06-X01	1
CB06-X02	4
CB06-X03	2
CB06-X04	3
CB06-X05	3
CB06-X06	3
CB06-XX01	3
CB06-CP01	1
CB06-CP02	3
CB07-001	1
CB07-002	1
CB07-003	4
CB07-004	4
CB07-005	3
CB07-006	1
CB07-007	1
CB07-008	2
CB07-009	1
CB07-010	1
CB07-011	3
CB07-012	3
CB07-013	4
CB07-014	4
CB07-015	4
CB07-016	1
CB07-017	3
CB07-018	1
CB07-019	4
CB07-020	1
CB07-021	1
CB07-022	3
CB07-023	1
CB07-024	3
CB07-025	4
CB07-026	3
CB07-027	1
CB07-028	1
CB07-029	3
CB07-030	1
CB07-031	3
CB07-032	1
CB07-033	4
CB07-034	1
CB07-035	3
CB07-036	1
CB07-037	2
CB07-038	2
CB07-039	1
CB07-040	4
CB07-041	3
CB07-042	3
CB07-043	3
CB07-044	1
CB07-045	3
CB07-046	1
CB07-047	1
CB07-048	1
CB07-049	1
CB07-050	1
CB07-051	1
CB07-052	4
CB07-053	4
CB07-054	4
CB07-055	3
CB07-056	1
CB07-057	3
CB07-058	2
CB07-059	3
CB07-060	4
CB07-061	3
CB07-062	2
CB07-X01	1
CB07-X02	1
CB07-X03	1
CB07-X04	1
CB07-X05	1
CB07-X06	2
CB07-CP02	1
CB07-CP03	1
CB08-001	3
CB08-002	3
CB08-003	4
CB08-004	3
CB08-005	4
CB08-006	3
CB08-007	4
CB08-008	3
CB08-009	4
CB08-010	3
CB08-011	4
CB08-012	3
CB08-013	3
CB08-014	3
CB08-015	4
CB08-016	4
CB08-017	4
CB08-018	4
CB08-019	9
CB08-020	4
CB08-021	5
CB08-022	3
CB08-023	3
CB08-024	3
CB08-025	3
CB08-026	4
CB08-027	4
CB08-028	3
CB08-029	5
CB08-030	3
CB08-031	5
CB08-032	3
CB08-033	3
CB08-034	4
CB08-035	4
CB08-036	4
CB08-037	4
CB08-038	4
CB08-039	12
CB08-040	6
CB08-041	10
CB08-042	12
CB08-043	3
CB08-044	3
CB08-045	6
CB08-046	3
CB08-047	3
CB08-048	3
CB08-049	3
CB08-050	4
CB08-051	5
CB08-052	4
CB08-053	3
CB08-054	4
CB08-055	5
CB08-056	3
CB08-057	3
CB08-058	5
CB08-059	3
CB08-060	3
CB08-061	7
CB08-062	3
CB08-063	4
CB08-064	3
CB08-065	5
CB08-066	3
CB08-067	3
CB08-068	3
CB08-069	3
CB08-070	3
CB08-071	4
CB08-072	3
CB08-073	4
CB08-074	4
CB08-075	4
CB08-076	4
CB08-077	14
CB08-078	4
CB08-079	3
CB08-X01	2
CB08-X02	1
CB08-X03	2
CB08-X04	2
CB08-X05	3
CB08-X06	1
CB08-XX01	3
CB09-001	2
CB09-002	1
CB09-003	3
CB09-004	3
CB09-005	4
CB09-006	4
CB09-007	2
CB09-008	5
CB09-009	2
CB09-010	5
CB09-011	7
CB09-012	5
CB09-013	4
CB09-014	4
CB09-015	1
CB09-016	4
CB09-017	3
CB09-018	5
CB09-019	3
CB09-020	2
CB09-021	3
CB09-022	1
CB09-023	1
CB09-024	4
CB09-025	2
CB09-026	6
CB09-027	1
CB09-028	2
CB09-029	3
CB09-030	2
CB09-031	3
CB09-032	4
CB09-033	3
CB09-034	3
CB09-035	4
CB09-036	4
CB09-037	1
CB09-038	3
CB09-039	3
CB09-040	3
CB09-041	3
CB09-042	3
CB09-043	5
CB09-044	4
CB09-045	4
CB09-046	2
CB09-047	1
CB09-048	3
CB09-049	4
CB09-050	5
CB09-051	4
CB09-052	3
CB09-053	2
CB09-054	1
CB09-055	1
CB09-056	2
CB09-057	3
CB09-058	4
CB09-059	3
CB09-060	2
CB09-061	3
CB09-062	4
CB09-063	1
CB09-064	3
CB09-065	5
CB09-066	4
CB09-067	5
CB09-068	4
CB09-069	5
CB09-070	2
CB09-071	4
CB09-072	4
CB09-073	3
CB09-074	4
CB09-075	1
CB09-076	1
CB09-077	4
CB09-078	4
CB09-X01	3
CB09-X02	2
CB09-X03	3
CB09-X04	1
CB09-X05	1
CB09-X06	1
CB09-XX01	1
CB09-CP01	1
CB09-CP02	1
CB09-CP03	1
CB09-CP04	3
CB10-001	4
CB10-002	5
CB10-003	4
CB10-004	4
CB10-005	3
CB10-006	4
CB10-007	4
CB10-008	4
CB10-009	1
CB10-010	2
CB10-011	2
CB10-012	1
CB10-013	1
CB10-014	4
CB10-015	3
CB10-016	2
CB10-017	4
CB10-018	3
CB10-019	5
CB10-020	3
CB10-021	4
CB10-022	5
CB10-023	4
CB10-024	4
CB10-025	4
CB10-026	4
CB10-027	4
CB10-028	3
CB10-029	1
CB10-030	3
CB10-031	2
CB10-032	3
CB10-033	2
CB10-034	3
CB10-035	1
CB10-036	4
CB10-037	1
CB10-038	1
CB10-039	2
CB10-040	4
CB10-041	4
CB10-042	4
CB10-043	5
CB10-044	1
CB10-045	4
CB10-046	4
CB10-047	1
CB10-048	1
CB10-049	4
CB10-050	2
CB10-051	1
CB10-052	2
CB10-053	4
CB10-054	3
CB10-055	5
CB10-056	3
CB10-057	3
CB10-058	2
CB10-059	1
CB10-060	5
CB10-061	4
CB10-062	4
CB10-063	2
CB10-064	4
CB10-065	2
CB10-066	4
CB10-067	4
CB10-068	4
CB10-069	2
CB10-070	4
CB10-071	4
CB10-072	2
CB10-073	3
CB10-074	4
CB10-075	4
CB10-076	4
CB10-077	1
CB10-078	4
CB10-079	4
CB10-X01	3
CB10-X02	3
CB10-X03	3
CB10-X04	2
CB10-X05	3
CB10-X06	2
CB10-XX01	1
CB11-001	3
CB11-002	7
CB11-003	6
CB11-004	3
CB11-005	3
CB11-006	6
CB11-007	3
CB11-008	3
CB11-009	6
CB11-010	6
CB11-011	6
CB11-012	3
CB11-013	6
CB11-014	6
CB11-015	3
CB11-016	7
CB11-017	6
CB11-018	3
CB11-019	3
CB11-020	3
CB11-021	3
CB11-022	3
CB11-X01	1
CB11-X02	1
CB11-X03	3
CB12-001	1
CB12-002	1
CB12-003	3
CB12-004	3
CB12-005	1
CB12-006	3
CB12-007	3
CB12-008	4
CB12-009	4
CB12-010	3
CB12-011	4
CB12-012	1
CB12-013	1
CB12-014	1
CB12-015	1
CB12-016	1
CB12-017	4
CB12-018	1
CB12-019	3
CB12-020	1
CB12-021	1
CB12-022	1
CB12-023	1
CB12-024	3
CB12-025	3
CB12-026	1
CB12-027	3
CB12-028	3
CB12-X01	3
CB12-X02	1
CB12-X03	1
CB12-X04	1
CB12-XX01	2
CB12-CP02	1
CB12-CP05	4
CB13-001	4
CB13-002	4
CB13-003	4
CB13-004	2
CB13-005	4
CB13-006	4
CB13-007	4
CB13-008	4
CB13-009	4
CB13-010	2
CB13-011	4
CB13-012	2
CB13-013	2
CB13-014	2
CB13-015	4
CB13-016	1
CB13-017	4
CB13-018	1
CB13-019	2
CB13-020	4
CB13-021	4
CB13-022	4
CB13-023	4
CB13-024	4
CB13-025	4
CB13-026	4
CB13-027	1
CB13-028	2
CB13-029	2
CB13-030	2
CB13-031	1
CB13-032	2
CB13-033	2
CB13-034	1
CB13-035	1
CB13-036	1
CB13-037	2
CB13-038	1
CB13-039	2
CB13-040	4
CB13-041	5
CB13-042	4
CB13-043	1
CB13-044	2
CB13-045	1
CB13-046	1
CB13-047	1
CB13-048	2
CB13-049	1
CB13-050	2
CB13-051	1
CB13-052	2
CB13-053	4
CB13-054	4
CB13-055	4
CB13-056	4
CB13-057	2
CB13-058	4
CB13-059	4
CB13-060	4
CB13-061	2
CB13-062	4
CB13-063	4
CB13-064	4
CB13-065	4
CB13-066	4
CB13-067	4
CB13-068	2
CB13-069	4
CB13-070	3
CB13-071	4
CB13-072	4
CB13-073	4
CB13-074	5
CB13-075	4
CB13-076	4
CB13-077	4
CB13-078	4
CB13-079	4
CB13-X01	2
CB13-X02	1
CB13-X03	2
CB13-X04	1
CB13-X05	3
CB13-X06	1
CB13-XX01	1
CB14-001	3
CB14-002	6
CB14-003	3
CB14-004	7
CB14-005	3
CB14-006	6
CB14-007	3
CB14-008	3
CB14-009	3
CB14-010	3
CB14-011	3
CB14-012	9
CB14-013	3
CB14-014	3
CB14-015	9
CB14-016	7
CB14-017	6
CB14-018	7
CB14-019	6
CB14-020	3
CB14-021	3
CB14-022	3
CB14-023	3
CB14-024	3
CB14-025	4
CB14-026	6
CB14-027	3
CB14-028	6
CB14-029	3
CB14-030	3
CB14-031	3
CB14-032	3
CB14-033	3
CB14-034	3
CB14-035	3
CB14-036	3
CB14-037	1
CB14-038	3
CB14-039	3
CB14-040	3
CB14-041	6
CB14-042	5
CB14-043	6
CB14-044	6
CB14-045	6
CB14-046	6
CB14-047	6
CB14-048	6
CB14-049	3
CB14-050	5
CB14-051	6
CB14-052	6
CB14-053	6
CB14-054	6
CB14-055	6
CB14-056	6
CB14-057	3
CB14-058	5
CB14-059	7
CB14-060	6
CB14-061	14
CB14-062	5
CB14-X01	3
CB14-X02	6
CB14-X03	6
CB14-X04	3
CB14-X05	3
CB14-X06	4
CB14-XX01	4
CB14-CP01	9
CB14-CP02	9
CB15-001	1
CB15-002	4
CB15-003	2
CB15-004	3
CB15-005	7
CB15-006	4
CB15-007	7
CB15-008	5
CB15-009	6
CB15-010	7
CB15-011	6
CB15-012	6
CB15-013	3
CB15-014	8
CB15-015	6
CB15-016	5
CB15-017	1
CB15-018	7
CB15-019	3
CB15-020	2
CB15-021	1
CB15-022	2
CB15-023	3
CB15-024	2
CB15-025	2
CB15-026	1
CB15-027	2
CB15-028	6
CB15-029	1
CB15-030	2
CB15-031	6
CB15-032	3
CB15-033	2
CB15-034	3
CB15-035	3
CB15-036	3
CB15-037	3
CB15-038	3
CB15-039	3
CB15-040	3
CB15-041	4
CB15-042	3
CB15-043	3
CB15-044	3
CB15-045	3
CB15-046	2
CB15-047	3
CB15-048	3
CB15-049	3
CB15-050	1
CB15-051	2
CB15-052	3
CB15-053	3
CB15-054	3
CB15-055	2
CB15-056	3
CB15-057	3
CB15-058	3
CB15-059	2
CB15-060	2
CB15-061	3
CB15-062	3
CB15-063	3
CB15-064	2
CB15-065	3
CB15-066	3
CB15-067	4
CB15-068	3
CB15-069	3
CB15-070	3
CB15-071	3
CB15-072	3
CB15-073	3
CB15-074	4
CB15-075	3
CB15-076	6
CB15-077	6
CB15-078	6
CB15-079	6
CB15-X01	1
CB15-X02	1
CB15-X03	3
CB15-X04	2
CB15-X05	1
CB15-X06	1
CB15-XX01	1
CB15-CP01	3
CB15-CP02	1
CB15-CP03	3
CB16-001	5
CB16-002	4
CB16-003	4
CB16-004	4
CB16-005	4
CB16-006	2
CB16-007	1
CB16-008	2
CB16-009	3
CB16-010	3
CB16-011	3
CB16-012	4
CB16-013	3
CB16-014	3
CB16-015	5
CB16-016	3
CB16-017	4
CB16-018	4
CB16-019	4
CB16-020	3
CB16-021	3
CB16-022	3
CB16-023	3
CB16-024	4
CB16-025	4
CB16-026	5
CB16-027	3
CB16-028	3
CB16-029	4
CB16-030	4
CB16-031	3
CB16-032	3
CB16-033	3
CB16-034	3
CB16-035	3
CB16-036	3
CB16-037	4
CB16-038	3
CB16-039	4
CB16-040	2
CB16-041	3
CB16-042	4
CB16-043	4
CB16-044	2
CB16-045	4
CB16-046	2
CB16-047	3
CB16-048	1
CB16-049	3
CB16-050	1
CB16-051	3
CB16-052	3
CB16-053	4
CB16-054	4
CB16-055	5
CB16-056	3
CB16-057	5
CB16-058	4
CB16-059	3
CB16-060	5
CB16-061	3
CB16-062	5
CB16-063	3
CB16-064	2
CB16-065	2
CB16-066	5
CB16-067	3
CB16-068	3
CB16-069	3
CB16-070	4
CB16-071	4
CB16-072	3
CB16-073	3
CB16-074	4
CB16-075	3
CB16-076	5
CB16-077	5
CB16-078	4
CB16-079	4
CB16-X01	2
CB16-X02	3
CB16-X03	3
CB16-X04	3
CB16-X05	3
CB16-X06	1
CB17-001	3
CB17-002	5
CB17-003	4
CB17-004	3
CB17-005	1
CB17-006	5
CB17-007	4
CB17-008	2
CB17-009	1
CB17-010	2
CB17-011	2
CB17-012	4
CB17-013	5
CB17-014	4
CB17-015	1
CB17-016	4
CB17-017	4
CB17-018	4
CB17-019	2
CB17-020	4
CB17-021	2
CB17-022	6
CB17-023	3
CB17-024	1
CB17-025	4
CB17-026	4
CB17-027	1
CB17-028	4
CB17-029	4
CB17-030	4
CB17-031	5
CB17-032	2
CB17-033	1
CB17-034	4
CB17-035	2
CB17-036	4
CB17-037	3
CB17-038	6
CB17-039	3
CB17-040	2
CB17-041	3
CB17-042	6
CB17-043	1
CB17-044	2
CB17-045	3
CB17-046	3
CB17-047	4
CB17-048	2
CB17-049	4
CB17-050	3
CB17-051	3
CB17-052	3
CB17-053	4
CB17-054	3
CB17-055	5
CB17-056	3
CB17-057	2
CB17-058	3
CB17-059	5
CB17-060	3
CB17-061	5
CB17-062	3
CB17-063	5
CB17-064	4
CB17-065	5
CB17-066	3
CB17-067	3
CB17-068	3
CB17-069	3
CB17-070	3
CB17-071	3
CB17-072	1
CB17-073	2
CB17-074	3
CB17-075	1
CB17-076	3
CB17-077	2
CB17-078	3
CB17-079	4
CB17-X01	1
CB17-X02	1
CB17-X03	2
CB17-X04	2
CB17-X05	3
CB17-X06	6
CB17-XX01	1
CB17-CP02	1
CB17-CP03	3
CB18-001	2
CB18-002	6
CB18-003	6
CB18-004	7
CB18-005	6
CB18-006	7
CB18-007	6
CB18-008	5
CB18-009	6
CB18-010	6
CB18-011	1
CB18-012	1
CB18-013	2
CB18-014	6
CB18-015	6
CB18-016	6
CB18-017	2
CB18-018	6
CB18-019	6
CB18-020	6
CB18-021	3
CB18-022	1
CB18-023	6
CB18-024	6
CB18-025	5
CB18-026	7
CB18-027	5
CB18-028	3
CB18-029	3
CB18-030	6
CB18-031	3
CB18-032	3
CB18-033	3
CB18-034	5
CB18-035	3
CB18-036	3
CB18-037	6
CB18-038	3
CB18-039	3
CB18-040	3
CB18-041	3
CB18-042	6
CB18-043	7
CB18-044	3
CB18-045	3
CB18-046	3
CB18-047	3
CB18-048	6
CB18-049	3
CB18-050	3
CB18-051	6
CB18-052	2
CB18-053	2
CB18-054	3
CB18-055	3
CB18-056	3
CB18-057	3
CB18-058	3
CB18-059	5
CB18-060	7
CB18-061	7
CB18-062	5
CB18-X01	3
CB18-X02	1
CB18-X03	3
CB18-X04	6
CB18-X05	3
CB18-X06	3
CB18-XX01	1
CB19-001	3
CB19-002	3
CB19-003	3
CB19-004	3
CB19-005	3
CB19-006	3
CB19-007	3
CB19-008	3
CB19-009	3
CB19-010	3
CB19-011	3
CB19-012	3
CB19-013	4
CB19-014	3
CB19-015	3
CB19-016	3
CB19-017	3
CB19-018	1
CB19-019	3
CB19-020	4
CB19-021	6
CB19-022	3
CB19-023	3
CB19-024	4
CB19-025	4
CB19-026	1
CB19-027	3
CB19-028	5
CB19-029	3
CB19-030	4
CB19-031	4
CB19-032	3
CB19-033	1
CB19-034	3
CB19-035	3
CB19-036	4
CB19-037	1
CB19-038	3
CB19-039	3
CB19-040	5
CB19-041	1
CB19-042	4
CB19-043	3
CB19-044	3
CB19-045	3
CB19-046	4
CB19-047	3
CB19-048	4
CB19-049	3
CB19-050	6
CB19-051	1
CB19-052	3
CB19-053	2
CB19-054	4
CB19-055	3
CB19-056	4
CB19-057	4
CB19-058	3
CB19-059	1
CB19-060	3
CB19-061	4
CB19-062	1
CB19-063	3
CB19-064	3
CB19-065	3
CB19-066	3
CB19-067	3
CB19-068	5
CB19-069	4
CB19-070	3
CB19-071	3
CB19-072	3
CB19-073	5
CB19-074	3
CB19-075	6
CB19-076	1
CB19-077	3
CB19-078	3
CB19-079	4
CB19-080	2
CB19-081	5
CB19-082	4
CB19-083	4
CB19-084	3
CB19-085	1
CB20-001	6
CB20-002	4
CB20-003	6
CB20-004	8
CB20-005	1
CB20-006	4
CB20-007	2
CB20-008	1
CB20-009	3
CB20-010	7
CB20-011	6
CB20-012	8
CB20-013	8
CB20-014	3
CB20-015	2
CB20-016	3
CB20-017	6
CB20-018	3
CB20-019	5
CB20-020	6
CB20-021	3
CB20-022	3
CB20-023	6
CB20-024	6
CB20-025	4
CB20-026	8
CB20-027	2
CB20-028	6
CB20-029	5
CB20-030	3
CB20-031	3
CB20-X01	1
CB20-X02	3
CB20-X03	3
CB20-X04	3
CB20-X05	3
CB20-XX01	3
CB20-CP01	3
CB20-CP02	3
CB20-CP03	3
CB20-CP04	3
CB21-001	8
CB21-002	3
CB21-003	6
CB21-004	3
CB21-005	3
CB21-006	7
CB21-007	8
CB21-008	3
CB21-009	3
CB21-010	4
CB21-011	4
CB21-012	8
CB21-013	3
CB21-014	6
CB21-015	7
CB21-016	6
CB21-017	3
CB21-018	6
CB21-019	7
CB21-020	3
CB21-021	3
CB21-022	8
CB21-023	3
CB21-024	3
CB21-025	3
CB21-026	3
CB21-027	3
CB21-028	3
CB21-029	8
CB21-030	3
CB21-031	8
CB21-032	7
CB21-033	3
CB21-034	7
CB21-035	7
CB21-036	3
CB21-037	3
CB21-038	3
CB21-039	3
CB21-040	4
CB21-041	8
CB21-042	4
CB21-043	4
CB21-044	7
CB21-045	3
CB21-046	6
CB21-047	3
CB21-048	3
CB21-049	3
CB21-050	3
CB21-051	3
CB21-052	6
CB21-053	8
CB21-054	3
CB21-055	3
CB21-056	6
CB21-057	7
CB21-058	3
CB21-059	8
CB21-060	6
CB21-061	3
CB21-062	6
CB21-X01	3
CB21-X02	3
CB21-X03	3
CB21-X04	3
CB21-X05	4
CB21-X06	3
CB21-XX01	3
CB22-001	1
CB22-002	2
CB22-003	7
CB22-004	2
CB22-005	6
CB22-006	5
CB22-007	7
CB22-008	1
CB22-009	2
CB22-010	1
CB22-011	5
CB22-012	6
CB22-013	2
CB22-014	6
CB22-015	2
CB22-016	6
CB22-017	2
CB22-018	6
CB22-019	2
CB22-020	1
CB22-021	4
CB22-022	5
CB22-023	3
CB22-024	3
CB22-025	4
CB22-026	6
CB22-027	6
CB22-028	3
CB22-029	3
CB22-030	3
CB22-031	3
CB22-032	3
CB22-033	6
CB22-034	3
CB22-035	7
CB22-036	3
CB22-037	5
CB22-038	6
CB22-039	5
CB22-040	5
CB22-041	8
CB22-042	3
CB22-043	3
CB22-044	3
CB22-045	3
CB22-046	3
CB22-047	7
CB22-048	6
CB22-049	1
CB22-050	7
CB22-051	3
CB22-052	6
CB22-053	2
CB22-054	7
CB22-055	1
CB22-056	3
CB22-057	3
CB22-058	3
CB22-059	7
CB22-060	6
CB22-061	7
CB22-062	6
CB22-X01	2
CB22-X02	1
CB22-X03	3
CB22-X04	3
CB22-X05	3
CB22-X06	3
CB22-XX01	1
CB23-001	6
CB23-002	6
CB23-003	5
CB23-004	3
CB23-005	3
CB23-006	6
CB23-007	3
CB23-008	3
CB23-009	6
CB23-010	6
CB23-011	7
CB23-012	6
CB23-013	3
CB23-014	3
CB23-015	3
CB23-016	4
CB23-017	6
CB23-018	6
CB23-019	3
CB23-020	3
CB23-021	6
CB23-022	6
CB23-023	3
CB23-024	3
CB23-025	3
CB23-026	8
CB23-027	6
CB23-028	3
CB23-029	3
CB23-030	3
CB23-031	3
CB23-032	3
CB23-033	3
CB23-034	3
CB23-035	3
CB23-036	3
CB23-037	3
CB23-038	6
CB23-039	3
CB23-040	6
CB23-041	6
CB23-042	7
CB23-043	6
CB23-044	8
CB23-045	3
CB23-046	3
CB23-047	3
CB23-048	3
CB23-049	3
CB23-050	6
CB23-051	6
CB23-052	3
CB23-053	6
CB23-054	6
CB23-055	3
CB23-056	6
CB23-057	6
CB23-058	6
CB23-059	3
CB23-060	4
CB23-061	3
CB23-062	5
CB23-X01	3
CB23-X02	3
CB23-X03	3
CB23-X04	3
CB23-X05	3
CB23-X06	3
CB23-XX01	3
CB24-001	1
CB24-002	3
CB24-003	3
CB24-004	1
CB24-005	4
CB24-006	4
CB24-007	4
CB24-008	6
CB24-009	4
CB24-010	4
CB24-011	5
CB24-012	1
CB24-013	1
CB24-014	2
CB24-015	3
CB24-016	4
CB24-017	1
CB24-018	2
CB24-019	3
CB24-020	3
CB24-021	4
CB24-022	5
CB24-023	3
CB24-024	3
CB24-025	4
CB24-026	4
CB24-027	3
CB24-028	6
CB24-029	4
CB24-030	5
CB24-031	5
CB24-032	3
CB24-033	5
CB24-034	2
CB24-035	3
CB24-036	3
CB24-037	3
CB24-038	1
CB24-039	3
CB24-040	3
CB24-041	1
CB24-042	3
CB24-043	2
CB24-044	5
CB24-045	3
CB24-046	4
CB24-047	4
CB24-048	5
CB24-049	4
CB24-050	3
CB24-051	4
CB24-052	4
CB24-053	4
CB24-054	3
CB24-055	1
CB24-056	4
CB24-057	3
CB24-058	3
CB24-059	1
CB24-060	3
CB24-061	2
CB24-062	3
CB24-063	3
CB24-064	3
CB24-065	3
CB24-066	2
CB24-067	1
CB24-068	6
CB24-069	5
CB24-070	4
CB24-071	4
CB24-072	1
CB24-073	3
CB24-074	4
CB24-075	4
CB24-076	1
CB24-077	3
CB24-078	3
CB24-CX01	3
CB24-X01	1
CB24-X02	3
CB24-X03	2
CB24-X04	3
CB24-X05	2
CB24-X06	3
CB24-XX01	1
CB24-CP01	3
CB24-CP02	3
CB24-CP03	1
CB24-CP04	3
CB24-CP05	3
CB24-CP06	1
CB25-001	4
CB25-002	5
CB25-003	3
CB25-004	4
CB25-005	3
CB25-006	4
CB25-007	5
CB25-008	3
CB25-009	4
CB25-010	3
CB25-011	3
CB25-012	3
CB25-013	5
CB25-014	5
CB25-015	4
CB25-016	3
CB25-017	3
CB25-018	3
CB25-019	3
CB25-020	3
CB25-021	3
CB25-022	5
CB25-023	5
CB25-024	5
CB25-025	3
CB25-026	3
CB25-027	3
CB25-028	4
CB25-029	4
CB25-030	4
CB25-031	4
CB25-032	3
CB25-033	3
CB25-034	3
CB25-035	3
CB25-036	5
CB25-037	4
CB25-038	5
CB25-039	3
CB25-040	3
CB25-041	3
CB25-042	3
CB25-043	4
CB25-044	4
CB25-045	3
CB25-046	3
CB25-047	3
CB25-048	4
CB25-049	4
CB25-050	4
CB25-051	3
CB25-052	3
CB25-053	4
CB25-054	4
CB25-055	3
CB25-056	3
CB25-057	4
CB25-058	4
CB25-059	3
CB25-060	4
CB25-061	3
CB25-062	3
CB25-063	3
CB25-064	3
CB25-065	3
CB25-066	3
CB25-067	5
CB25-068	3
CB25-069	3
CB25-070	4
CB25-071	6
CB25-072	3
CB25-073	4
CB25-074	3
CB25-075	3
CB25-076	4
CB25-077	4
CB25-078	6
CB25-079	3
CB25-CX01	3
CB25-CX02	3
CB25-CX03	3
CB25-X01	3
CB25-X02	3
CB25-X03	3
CB25-X04	3
CB25-X05	3
CB25-X06	3
CB25-XX01	3
CB26-001	2
CB26-002	4
CB26-003	1
CB26-004	3
CB26-005	4
CB26-006	1
CB26-007	6
CB26-008	1
CB26-009	1
CB26-010	4
CB26-011	1
CB26-012	4
CB26-013	2
CB26-014	1
CB26-015	5
CB26-016	1
CB26-017	5
CB26-018	2
CB26-019	1
CB26-020	4
CB26-021	1
CB26-022	5
CB26-023	1
CB26-024	1
CB26-025	4
CB26-026	2
CB26-027	6
CB26-028	1
CB26-029	1
CB26-030	4
CB26-031	1
CB26-032	4
CB26-033	1
CB26-034	1
CB26-035	4
CB26-036	1
CB26-037	6
CB26-038	2
CB26-039	1
CB26-040	5
CB26-041	1
CB26-042	4
CB26-043	1
CB26-044	2
CB26-045	4
CB26-046	1
CB26-047	5
CB26-048	2
CB26-049	1
CB26-050	5
CB26-051	2
CB26-052	6
CB26-053	1
CB26-054	1
CB26-055	4
CB26-056	1
CB26-057	5
CB26-058	2
CB26-059	1
CB26-060	4
CB26-061	1
CB26-062	3
CB26-063	5
CB26-064	4
CB26-065	1
CB26-066	1
CB26-067	5
CB26-068	6
CB26-069	4
CB26-070	5
CB26-071	5
CB26-072	4
CB26-074	1
CB26-075	6
CB26-076	1
CB26-077	5
CB26-078	5
CB26-079	5
CB26-080	5
CB26-081	5
CB26-CX01	2
CB26-CX02	1
CB26-CX03	1
CB26-CX04	1
CB26-CX05	1
CB26-CX06	1
CB26-X01	2
CB26-X02	1
CB26-X03	1
CB26-X04	1
CB26-X05	1
CB26-X06	1
CB30-X01	3
CB34-X01	3
PC01-001	3
PC01-RV001	3
PC01-RV002	3
PC01-RV003	3
PC01-CX01	4
PC01-X01	3
PC01-CP01	3
PC02-001	8
PC02-002	8
PC02-RV001	8
PC02-RV002	8
PC02-CX01	9
PC02-X01	8
PC02-CP01	8
PC03-001	3
PC03-002	3
PC03-003	3
PC03-004	3
PC03-005	3
PC03-X01	3
PC03-X02	3
PC03-X03	3
P010	2
P013	1
P032	1
P040	1
P046	1
P064	1
P066	1
P069	1
P070	2
P071	1
P075	1
P076	1
P14-05	1
P14-16	5
P14-18	1
P14-21	1
P14-23	1
P14-27	1
P14-29	3
P14-30	1
P14-31	4
P14-40	1
P14-42	8
P14-44	3
P14-46	1
P14-47	1
P14-X04	2
P14-X05	1
P15-08	5
P15-09	1
P15-10	1
P15-20	1
P15-22	1
P16-01	3
P16-04	4
P16-05	1
P16-06	6
P16-09R	2
P16-09A	1
P16-09E	3
P16-09D	2
P16-09S	2
P16-10	1
P16-13	3
P16-15	3
P16-16	3
P16-17	7
P16-18	1
P16-24	1
P16-25	3
P17-09	3
P17-12	8
P17-13	7
P17-14	1
P17-15	3
P17-18	1
P17-19	1
P17-21	1
P17-22	1
P17-24	1
P17-EXG02	1
P17-EXG03	1
P17-EXG04	1
P17-EXG06	1
P18-01	1
P18-03	1
P18-04	6
P18-05	2
P18-06	3
P18-07	3
P18-08	1
P18-09	1
P19-01	4
P19-02	3
P19-03	9
P19-04	1
P19-05	4
P19-06	8
P19-07	5
P19-08	9
P19-09	1
P19-10	3
P19-11	3
P19-12	10
P19-13	2
P19-14	7
P19-17	6
P19-18	17
P19-19	3
P19-20	6
P19-21	1
P19-22	3
P20-01	19
P20-02	1
P20-03	1
P20-05	1
P20-06	2
P20-09	3
P20-10	1
P20-11	1
P20-12	3
P20-13	1
P20-15	1
P20-17	3
P20-18	3
P21-01	1
P21-02	4
P21-03	2
P21-04	1
P21-05	1
P21-06	4
P21-07	1
P21-08	1
P21-11	1
P21-13	1
P21-15	1
P21-18	1
P21-19	2
P21-20	1
P22-03	1
P22-04	1
P22-05	1
P22-07	1
P22-08	1
P22-11	1
P23-07	3
P23-12	1
P23-14	1
P24-03	1
P24-09	1
P25-08	1
CP13-01	2
CP14-01	1
CP14-02	3
CP14-X01D	1
CP14-X02R	1
CP14-X07	3
CP14-X08	1
CP14-X09	1
CP14-X10	6
CP14-X11	1
CP14-X13	2
CP14-X14R	3
CP14-X15	1
CP14-X21	5
CP14-X22	4
PB12-03	2
PB13-04	1
PB15-01	3
PB16-D01	3
PB16-D02	1
PB16-D03	1
PB16-D04	1
PB16-D05	1
PB16-DD01	1
PB17-X01	1
PB17-X02	1
PB17-X03	1
PB17-X04	1
PB17-X05	1
PB17-RVX01	2
PB17-RVX02	2
PB17-RVX03	2
PB18-U01	3
PB18-U02	3
PB18-U03	3
PB18-U04	3
PB18-U05	3
PB18-U06	3
PB18-U07	3
PB18-X01	1
PB18-X02	1
PB18-X03	1
PB01-H01	1
PB01-H02	3
PB01-H03	1
PB02-G01	4
PB02-G02	4
PB02-G03	4
PB02-G04	4
PB02-G05	4
PB02-G06	4
PB02-G07	4
PB02-G08	4
PB02-G09	4
PB02-G10	4
PB05-D01	3
PB05-D02	1
PB05-D03	1
PB05-D04	2
PB08-001	6
PB08-002	6
PB08-003	6
PB08-004	4
PB08-005	4
PB08-006	4
PB08-007	4
PB08-008	6
PB08-009	6
PB08-010	4
PB08-011	6
PB08-012	4
PB08-013	4
PB08-X01	4
PB08-X02	4
PB08-CP01	4
PB08-CP02	4
PB08-CP03	4
PB09-001	3
PB09-002	3
PB09-003	3
PB09-004	3
PB14-X01	2
PB15-D01	1
PB15-D02	1
PB15-D03	1
PB15-D04	1
PB15-D05	2
PB15-D06	1
PB15-D07	1
PB15-D08	1
PB15-D09	1
PB15-D10	1
PB27-001	2
PB29-001	6
PB29-002	6
PB29-003	6
PB29-004	6
PB29-005	6
PB29-006	6
PB29-007	6
PB29-008	6
PB29-009	6
PB29-010	6
PX05	1
PX15	1
PX17	5
PX19	1
PX13-03	1
PX14-03	1
PX14-08	1
PX14-09	1
PX15-03	3
PX15-05	2
PX15-06	1
PX15-08	2
PX16-03	4
PX18-02	1
PX19-01	3
PX19-02	3
PX19-03	3
PX19-04	3
PX19-05	4
PX19-06	3
PX20-01	6
PX20-02	6
PX20-03	3
PX20-04	5
PX20-05	3
PX21-03	3
PX21-05	3
PX22-01	1
X001	2
X002	1
X003A	1
X004	1
X005R	3
X005A	3
X005E	3
X005D	3
X005T	3
X005S	3
X006	1
X007	1
X008	2
X011	1
X012D	2
X013	1
X014	1
X016	1
X017	1
X022	2
X13-01	1
X13-05	1
X13-09	4
X13-10	1
X13-12	1
EX001	1
EX002	1
EX003	1
EX004	1
EX008	1
EX013	1
EX022	1
EX13-05	1
LM14-02	1
LM14-04	1
LM14-05	1
LM14-06	1
LM15-01	1
LM15-02	1
LM15-03	1
LM16-01	5
LM16-03	6
LM16-04	1
LM16-06	1
LM16-08	1
LM16-09	1
LM16-D01	5
LM16-D02	5
LM16-D03	5
LM16-D04	5
LM16-D05	5
LM17-01	8
LM17-02	5
LM17-03	4
LM17-04	5
LM17-05	4
LM17-06	4
LM17-07	4
LM17-08	3
LM17-09	5
LM17-10	5
LM17-11	4
LM17-12	4
LM18-01	3
LM18-02	3
LM18-03	3
LM18-04	3
LM18-05	4
LM18-06	3
LM18-07	4
LM18-08	3
LM18-09	4
LM18-10	4
LM18-G01	3
LM18-G02	3
LM18-G03	3
LM18-G04	3
LM18-G05	3
LM18-G06	3
LM18-G07	3
LM19-01	3
LM19-02	3
LM19-03	3
LM19-04	3
LM19-05	3
LM19-06	3
LM19-U01	3
LM19-U02	3
LM19-U03	3
LM19-U04	3
LM19-U05	3
LM19-U06	3
LM19-U07	6
LM19-U08	3
LM22-01R	7
LM22-01A	6
LM22-01E	6
LM22-01D	6
LM22-01T	6
LM22-01S	6
SJ13-11	1
SJ13-25	1
SJ14-01	1
SJ14-02	1
SJ14-04	1
SJ14-05	1
SJ14-06	1
SJ14-07	1
SJ14-08	1
SJ14-09	1
SJ14-10	1
SJ14-11	1
SJ14-12	1
SJ14-13	1
SJ14-14	1
SJ14-15	1
SJ14-16	1
SJ14-17	1
SJ14-18	1
SJ14-19	1
SJ14-20	1
SJ14-21	1
SJ14-22	1
SJ14-23	1
SJ14-24	1
SJ14-25	1
SJ14-27	1
SJ14-28	1
SJ14-29	1
SJ15-01	1
SJ15-02	2
SJ15-03	3
SJ15-04	2
SJ15-05	2
SJ15-06	1
SJ15-07	1
SJ15-08	2
SJ15-09	1
SJ15-10	1
SJ15-13	1
SJ15-14	1
SJ15-15	1
SJ15-16	2
SJ15-17	1
SJ15-18	1
SJ15-19	1
SJ15-20	1
SJ16-01	1
SJ16-02	1
SJ16-03	2
SJ16-04	1
SJ16-07	1
SJ16-08	1
SJ16-09	1
SJ16-10	1
SJ16-11	1
SJ16-12	1
SJ16-13	1
SJ16-14	1
SJ16-15	1
SJ16-16	1
SJ17-01	1
SJ17-02	1
SJ17-03	1
SJ17-04	1
SJ17-05	1
SJ17-06	1
SJ17-07	1
SJ17-08	1
SJ17-09	1
SJ17-10	1
SJ17-11	1
SJ18-01	1
SJ18-02	1
SJ18-03	1
SJ18-04	1
SJ18-05	1
SJ18-06	1
SJ18-07	1
SJ18-08	1
SJ18-09	1
SJ18-10	1
SJ19-01	1
SJ19-02	2
SJ19-03	1
SJ19-04	1
SJ19-05	1
SJ19-06	1
SJ19-07	1
SJ19-08	1
KF-01	1
KF-15	1
